date,advancing_stocks,declining_stocks,total_stocks,URSI
2017-01-04,58,50,141,53.70370370370371
2017-01-05,63,59,141,51.63934426229508
2017-01-06,47,72,142,39.49579831932773
2017-01-09,61,52,142,53.98230088495575
2017-01-10,52,67,143,43.69747899159664
2017-01-11,73,48,143,60.33057851239669
2017-01-12,60,49,143,55.04587155963303
2017-01-13,44,64,144,40.74074074074074
2017-01-16,29,91,146,24.166666666666668
2017-01-17,55,59,146,48.24561403508772
2017-01-18,37,80,146,31.62393162393162
2017-01-19,40,75,146,34.78260869565217
2017-01-20,79,38,146,67.52136752136752
2017-01-23,47,61,146,43.51851851851852
2017-01-24,84,36,146,70.0
2017-01-25,108,22,146,83.07692307692308
2017-02-02,80,42,146,65.57377049180327
2017-02-03,47,75,146,38.52459016393443
2017-02-06,63,62,146,50.4
2017-02-07,65,57,146,53.278688524590166
2017-02-08,70,48,146,59.32203389830508
2017-02-09,67,55,146,54.91803278688525
2017-02-10,68,55,146,55.28455284552846
2017-02-13,88,38,146,69.84126984126983
2017-02-14,51,65,146,43.96551724137931
2017-02-15,80,41,146,66.11570247933885
2017-02-16,50,74,146,40.32258064516129
2017-02-17,75,46,146,61.98347107438017
2017-02-20,85,37,146,69.67213114754098
2017-02-21,79,42,146,65.28925619834712
2017-02-22,47,76,146,38.21138211382114
2017-02-23,43,79,146,35.24590163934426
2017-02-24,37,90,146,29.133858267716533
2017-02-27,67,59,146,53.17460317460318
2017-02-28,36,84,146,30.0
2017-03-01,50,68,147,42.3728813559322
2017-03-02,57,62,147,47.89915966386555
2017-03-03,66,61,147,51.96850393700787
2017-03-06,69,58,147,54.330708661417326
2017-03-07,71,43,147,62.28070175438597
2017-03-08,69,53,147,56.557377049180324
2017-03-09,51,67,147,43.22033898305085
2017-03-10,55,61,147,47.41379310344828
2017-03-13,41,84,147,32.800000000000004
2017-03-14,63,58,147,52.066115702479344
2017-03-15,49,68,147,41.88034188034188
2017-03-16,89,37,147,70.63492063492063
2017-03-17,66,51,147,56.41025641025641
2017-03-20,81,38,147,68.0672268907563
2017-03-21,55,65,147,45.83333333333333
2017-03-22,28,96,148,22.58064516129032
2017-03-23,74,51,148,59.199999999999996
2017-03-24,67,50,148,57.26495726495726
2017-03-27,54,63,148,46.15384615384615
2017-03-28,47,74,148,38.84297520661157
2017-03-29,55,59,148,48.24561403508772
2017-03-30,82,49,148,62.59541984732825
2017-03-31,54,72,148,42.857142857142854
2017-04-03,64,68,148,48.484848484848484
2017-04-04,61,65,148,48.41269841269841
2017-04-05,56,73,148,43.41085271317829
2017-04-07,55,63,148,46.61016949152542
2017-04-10,66,63,148,51.162790697674424
2017-04-11,68,61,148,52.71317829457365
2017-04-12,43,80,148,34.959349593495936
2017-04-13,55,68,148,44.71544715447154
2017-04-14,29,97,148,23.015873015873016
2017-04-17,24,101,148,19.2
2017-04-18,79,39,148,66.94915254237289
2017-04-19,76,50,148,60.317460317460316
2017-04-20,37,79,148,31.896551724137932
2017-04-21,46,70,148,39.6551724137931
2017-04-24,38,93,149,29.00763358778626
2017-04-25,58,60,149,49.152542372881356
2017-04-26,90,40,149,69.23076923076923
2017-04-27,86,42,149,67.1875
2017-04-28,51,71,149,41.80327868852459
2017-05-03,71,56,149,55.90551181102362
2017-05-04,68,59,149,53.54330708661418
2017-05-05,63,58,149,52.066115702479344
2017-05-08,62,68,149,47.69230769230769
2017-05-09,81,48,149,62.7906976744186
2017-05-10,77,53,149,59.23076923076923
2017-05-11,65,58,149,52.84552845528455
2017-05-12,76,50,149,60.317460317460316
2017-05-15,78,46,149,62.903225806451616
2017-05-16,49,81,149,37.69230769230769
2017-05-17,70,66,149,51.470588235294116
2017-05-18,41,85,149,32.53968253968254
2017-05-19,81,43,149,65.32258064516128
2017-05-22,73,56,149,56.58914728682171
2017-05-23,49,83,149,37.121212121212125
2017-05-24,77,57,150,57.46268656716418
2017-05-25,81,45,150,64.28571428571429
2017-05-26,64,61,150,51.2
2017-05-29,71,56,150,55.90551181102362
2017-05-30,25,107,150,18.939393939393938
2017-05-31,54,67,150,44.62809917355372
2017-06-01,71,50,150,58.67768595041323
2017-06-02,63,54,150,53.84615384615385
2017-06-05,67,54,150,55.371900826446286
2017-06-06,89,41,150,68.46153846153847
2017-06-07,79,50,150,61.240310077519375
2017-06-08,55,79,150,41.04477611940299
2017-06-09,50,75,150,40.0
2017-06-12,45,77,150,36.885245901639344
2017-06-13,78,50,150,60.9375
2017-06-14,70,54,150,56.451612903225815
2017-06-15,64,59,149,52.03252032520326
2017-06-16,77,50,149,60.629921259842526
2017-06-19,77,53,149,59.23076923076923
2017-06-20,66,56,150,54.09836065573771
2017-06-21,49,82,150,37.404580152671755
2017-06-22,64,63,150,50.39370078740157
2017-06-23,80,47,150,62.99212598425197
2017-06-26,69,54,150,56.09756097560976
2017-06-27,38,91,150,29.457364341085274
2017-06-28,74,49,150,60.16260162601627
2017-06-29,81,49,150,62.30769230769231
2017-06-30,68,56,150,54.83870967741935
2017-07-03,72,58,150,55.38461538461539
2017-07-04,55,76,150,41.98473282442748
2017-07-05,85,45,150,65.38461538461539
2017-07-06,78,43,150,64.46280991735537
2017-07-07,35,97,150,26.515151515151516
2017-07-10,21,112,151,15.789473684210526
2017-07-11,65,51,150,56.03448275862068
2017-07-12,80,44,150,64.51612903225806
2017-07-13,71,53,151,57.25806451612904
2017-07-14,46,72,151,38.983050847457626
2017-07-17,27,110,151,19.708029197080293
2017-07-18,33,91,151,26.61290322580645
2017-07-19,68,63,152,51.908396946564885
2017-07-20,60,68,152,46.875
2017-07-21,42,88,153,32.30769230769231
2017-07-24,50,80,153,38.46153846153847
2017-07-25,84,37,153,69.42148760330579
2017-07-26,105,25,153,80.76923076923077
2017-07-27,57,67,153,45.96774193548387
2017-07-28,86,39,153,68.8
2017-07-31,71,61,153,53.78787878787878
2017-08-01,70,66,153,51.470588235294116
2017-08-02,52,84,153,38.23529411764706
2017-08-03,79,46,153,63.2
2017-08-04,71,59,153,54.61538461538461
2017-08-07,82,45,153,64.56692913385827
2017-08-08,44,93,153,32.11678832116788
2017-08-09,21,118,153,15.107913669064748
2017-08-10,50,73,153,40.65040650406504
2017-08-11,53,70,153,43.08943089430895
2017-08-14,93,35,152,72.65625
2017-08-15,46,77,152,37.39837398373984
2017-08-16,65,56,152,53.71900826446281
2017-08-17,23,109,152,17.424242424242426
2017-08-18,73,54,154,57.48031496062992
2017-08-21,51,83,154,38.059701492537314
2017-08-22,36,89,154,28.799999999999997
2017-08-23,64,58,154,52.459016393442624
2017-08-24,82,47,154,63.565891472868216
2017-08-25,58,67,154,46.400000000000006
2017-08-28,77,59,154,56.61764705882353
2017-08-29,49,74,154,39.83739837398374
2017-08-30,59,66,154,47.199999999999996
2017-08-31,79,55,154,58.95522388059702
2017-09-01,73,52,154,58.4
2017-09-05,62,71,154,46.616541353383454
2017-09-06,40,76,154,34.48275862068966
2017-09-07,66,59,154,52.800000000000004
2017-09-08,45,76,154,37.1900826446281
2017-09-11,31,98,154,24.031007751937985
2017-09-12,84,39,154,68.29268292682927
2017-09-13,93,35,154,72.65625
2017-09-14,71,51,154,58.19672131147541
2017-09-15,64,55,154,53.78151260504202
2017-09-18,74,48,154,60.65573770491803
2017-09-19,47,84,154,35.87786259541985
2017-09-20,57,62,154,47.89915966386555
2017-09-21,70,56,154,55.55555555555556
2017-09-22,66,55,154,54.54545454545454
2017-09-25,51,81,154,38.63636363636363
2017-09-26,65,68,154,48.87218045112782
2017-09-27,56,73,154,43.41085271317829
2017-09-28,60,72,154,45.45454545454545
2017-09-29,68,55,154,55.28455284552846
2017-10-02,38,97,154,28.14814814814815
2017-10-03,30,105,154,22.22222222222222
2017-10-04,89,30,154,74.78991596638656
2017-10-05,43,78,154,35.53719008264463
2017-10-06,70,56,155,55.55555555555556
2017-10-09,80,59,155,57.55395683453237
2017-10-10,75,49,155,60.483870967741936
2017-10-11,66,57,155,53.65853658536586
2017-10-12,60,70,155,46.15384615384615
2017-10-13,75,46,155,61.98347107438017
2017-10-16,56,75,155,42.74809160305343
2017-10-17,73,65,155,52.89855072463768
2017-10-18,47,88,155,34.81481481481482
2017-10-19,66,61,155,51.96850393700787
2017-10-20,40,93,155,30.075187969924812
2017-10-23,16,120,155,11.76470588235294
2017-10-24,73,54,155,57.48031496062992
2017-10-25,78,50,155,60.9375
2017-10-26,30,99,155,23.25581395348837
2017-10-27,76,55,155,58.01526717557252
2017-10-30,41,92,155,30.82706766917293
2017-10-31,38,93,155,29.00763358778626
2017-11-01,66,74,156,47.14285714285714
2017-11-02,44,86,156,33.84615384615385
2017-11-03,87,42,156,67.44186046511628
2017-11-06,102,36,156,73.91304347826086
2017-11-07,72,54,157,57.14285714285714
2017-11-08,74,59,157,55.639097744360896
2017-11-09,61,71,157,46.21212121212121
2017-11-10,79,54,157,59.3984962406015
2017-11-13,60,77,157,43.79562043795621
2017-11-14,70,68,157,50.72463768115942
2017-11-15,73,61,157,54.47761194029851
2017-11-16,95,46,157,67.37588652482269
2017-11-17,40,88,158,31.25
2017-11-20,68,56,158,54.83870967741935
2017-11-21,58,71,158,44.96124031007752
2017-11-22,85,44,158,65.89147286821705
2017-11-23,67,62,158,51.93798449612403
2017-11-24,103,38,158,73.04964539007092
2017-11-27,100,40,159,71.42857142857143
2017-11-28,50,84,159,37.3134328358209
2017-11-29,83,53,160,61.029411764705884
2017-11-30,80,56,160,58.82352941176471
2017-12-01,86,44,160,66.15384615384615
2017-12-04,99,40,160,71.22302158273382
2017-12-05,39,104,160,27.27272727272727
2017-12-06,53,78,160,40.458015267175576
2017-12-07,66,72,160,47.82608695652174
2017-12-08,56,77,160,42.10526315789473
2017-12-11,23,123,160,15.753424657534246
2017-12-12,57,77,160,42.53731343283582
2017-12-13,58,83,160,41.13475177304964
2017-12-14,104,30,160,77.61194029850746
2017-12-15,96,44,160,68.57142857142857
2017-12-18,96,44,160,68.57142857142857
2017-12-19,52,86,160,37.68115942028986
2017-12-20,75,61,160,55.14705882352941
2017-12-21,52,79,160,39.69465648854962
2017-12-22,62,74,160,45.588235294117645
2017-12-25,51,90,160,36.17021276595745
2017-12-26,92,41,160,69.17293233082707
2017-12-27,59,74,160,44.3609022556391
2017-12-28,90,47,160,65.69343065693431
2017-12-29,75,64,160,53.956834532374096
2018-01-02,99,42,160,70.2127659574468
2018-01-03,83,55,160,60.14492753623188
2018-01-04,112,32,160,77.77777777777779
2018-01-05,40,96,160,29.411764705882355
2018-01-08,93,49,162,65.49295774647888
2018-01-09,96,48,162,66.66666666666666
2018-01-10,91,54,162,62.758620689655174
2018-01-11,72,61,162,54.13533834586466
2018-01-12,48,99,162,32.6530612244898
2018-01-15,90,51,161,63.829787234042556
2018-01-16,53,80,161,39.849624060150376
2018-01-17,23,117,161,16.428571428571427
2018-01-18,91,51,162,64.08450704225352
2018-01-19,74,60,163,55.223880597014926
2018-01-22,89,59,163,60.13513513513513
2018-01-23,34,10,163,77.27272727272727
2018-01-24,18,21,163,46.15384615384615
2018-01-25,84,63,163,57.14285714285714
2018-01-26,66,75,163,46.808510638297875
2018-01-29,56,89,163,38.62068965517241
2018-01-30,85,65,163,56.666666666666664
2018-01-31,55,90,163,37.93103448275862
2018-02-01,28,115,163,19.58041958041958
2018-02-02,70,58,163,54.6875
2018-02-05,10,148,163,6.329113924050633
2018-02-06,22,130,163,14.473684210526317
2018-02-07,124,26,163,82.66666666666667
2018-02-08,45,103,163,30.405405405405407
2018-02-09,53,85,163,38.405797101449274
2018-02-12,127,15,163,89.43661971830986
2018-02-13,123,22,163,84.82758620689656
2018-02-21,115,34,163,77.18120805369128
2018-02-22,43,106,164,28.859060402684566
2018-02-23,112,33,164,77.24137931034483
2018-02-26,66,85,164,43.70860927152318
2018-02-27,73,67,164,52.142857142857146
2018-02-28,65,76,164,46.09929078014184
2018-03-01,64,86,164,42.66666666666667
2018-03-02,84,58,165,59.154929577464785
2018-03-05,50,99,165,33.557046979865774
2018-03-06,106,39,165,73.10344827586206
2018-03-07,54,91,166,37.24137931034483
2018-03-08,81,57,167,58.69565217391305
2018-03-09,73,61,167,54.47761194029851
2018-03-12,57,88,167,39.310344827586206
2018-03-13,71,71,167,50.0
2018-03-14,72,75,167,48.97959183673469
2018-03-15,75,74,167,50.33557046979866
2018-03-16,82,63,167,56.55172413793104
2018-03-19,59,85,167,40.97222222222222
2018-03-20,55,86,167,39.00709219858156
2018-03-21,69,72,167,48.93617021276596
2018-03-22,54,92,168,36.986301369863014
2018-03-23,25,123,168,16.89189189189189
2018-03-26,84,63,168,57.14285714285714
2018-03-27,68,74,168,47.88732394366197
2018-03-28,60,80,168,42.857142857142854
2018-03-29,60,82,168,42.25352112676056
2018-03-30,101,51,168,66.44736842105263
2018-04-02,83,67,168,55.333333333333336
2018-04-03,62,84,168,42.465753424657535
2018-04-04,80,69,168,53.691275167785236
2018-04-05,90,56,168,61.64383561643836
2018-04-06,77,68,168,53.103448275862064
2018-04-09,68,82,168,45.33333333333333
2018-04-10,43,106,168,28.859060402684566
2018-04-11,20,128,168,13.513513513513514
2018-04-12,93,57,168,62.0
2018-04-13,48,103,168,31.788079470198678
2018-04-16,64,76,168,45.714285714285715
2018-04-17,90,44,168,67.16417910447761
2018-04-18,33,114,168,22.448979591836736
2018-04-19,22,130,168,14.473684210526317
2018-04-20,105,40,169,72.41379310344827
2018-04-23,20,136,169,12.82051282051282
2018-04-24,58,78,169,42.64705882352941
2018-04-26,20,141,169,12.422360248447205
2018-04-27,119,34,170,77.77777777777779
2018-05-02,38,114,170,25.0
2018-05-03,72,74,170,49.31506849315068
2018-05-04,74,74,170,50.0
2018-05-07,119,32,170,78.80794701986756
2018-05-08,47,99,170,32.19178082191781
2018-05-09,60,88,170,40.54054054054054
2018-05-10,33,116,170,22.14765100671141
2018-05-11,89,50,170,64.02877697841727
2018-05-14,88,48,170,64.70588235294117
2018-05-15,94,52,170,64.38356164383562
2018-05-16,42,103,169,28.965517241379313
2018-05-17,49,86,169,36.2962962962963
2018-05-18,60,75,170,44.44444444444444
2018-05-21,38,110,170,25.675675675675674
2018-05-22,10,146,171,6.41025641025641
2018-05-23,92,41,171,69.17293233082707
2018-05-24,45,100,171,31.03448275862069
2018-05-25,19,128,171,12.925170068027212
2018-05-28,9,155,171,5.487804878048781
2018-05-29,135,15,171,90.0
2018-05-30,47,89,171,34.55882352941176
2018-05-31,137,16,171,89.54248366013073
2018-06-01,91,53,171,63.19444444444444
2018-06-04,131,25,171,83.97435897435898
2018-06-05,95,57,172,62.5
2018-06-06,95,52,172,64.62585034013605
2018-06-07,70,74,172,48.61111111111111
2018-06-08,61,77,172,44.20289855072464
2018-06-11,49,97,172,33.56164383561644
2018-06-12,25,132,172,15.92356687898089
2018-06-13,98,40,172,71.01449275362319
2018-06-14,62,86,172,41.891891891891895
2018-06-15,64,78,172,45.07042253521127
2018-06-18,19,125,172,13.194444444444445
2018-06-19,7,146,172,4.57516339869281
2018-06-20,128,23,171,84.76821192052981
2018-06-21,29,118,171,19.727891156462583
2018-06-22,98,38,171,72.05882352941177
2018-06-25,95,50,171,65.51724137931035
2018-06-26,33,102,171,24.444444444444443
2018-06-27,52,84,172,38.23529411764706
2018-06-28,26,125,172,17.218543046357617
2018-06-29,69,69,173,50.0
2018-07-02,21,138,173,13.20754716981132
2018-07-03,13,143,174,8.333333333333332
2018-07-04,89,61,174,59.333333333333336
2018-07-05,18,135,174,11.76470588235294
2018-07-06,122,29,174,80.79470198675497
2018-07-09,64,80,174,44.44444444444444
2018-07-10,66,69,174,48.888888888888886
2018-07-11,18,138,174,11.538461538461538
2018-07-12,87,58,174,60.0
2018-07-13,115,25,174,82.14285714285714
2018-07-16,76,51,174,59.84251968503938
2018-07-17,97,46,174,67.83216783216784
2018-07-18,141,19,174,88.125
2018-07-19,74,72,174,50.68493150684932
2018-07-20,62,84,174,42.465753424657535
2018-07-23,69,77,174,47.26027397260274
2018-07-24,58,93,174,38.41059602649007
2018-07-25,58,82,174,41.42857142857143
2018-07-26,66,78,173,45.83333333333333
2018-07-27,110,40,173,73.33333333333333
2018-07-30,108,41,173,72.48322147651007
2018-07-31,71,73,173,49.30555555555556
2018-08-01,51,97,173,34.45945945945946
2018-08-02,49,89,173,35.507246376811594
2018-08-03,83,65,174,56.08108108108109
2018-08-06,55,85,174,39.285714285714285
2018-08-07,44,93,174,32.11678832116788
2018-08-08,106,41,175,72.10884353741497
2018-08-09,70,74,175,48.61111111111111
2018-08-10,74,59,175,55.639097744360896
2018-08-13,87,59,175,59.589041095890416
2018-08-14,77,73,175,51.33333333333333
2018-08-15,43,114,175,27.388535031847134
2018-08-16,75,58,175,56.390977443609025
2018-08-17,66,73,175,47.482014388489205
2018-08-20,63,77,175,45.0
2018-08-21,101,37,175,73.18840579710145
2018-08-22,77,70,175,52.38095238095239
2018-08-23,81,54,175,60.0
2018-08-24,82,60,175,57.74647887323944
2018-08-27,80,64,175,55.55555555555556
2018-08-28,76,67,175,53.14685314685315
2018-08-29,58,87,175,40.0
2018-08-30,106,43,175,71.14093959731544
2018-08-31,51,91,175,35.91549295774648
2018-09-04,46,114,175,28.749999999999996
2018-09-05,43,107,175,28.666666666666668
2018-09-06,50,100,176,33.33333333333333
2018-09-07,101,43,176,70.13888888888889
2018-09-10,56,84,176,40.0
2018-09-11,110,37,176,74.82993197278913
2018-09-12,80,74,176,51.94805194805194
2018-09-13,82,60,176,57.74647887323944
2018-09-14,89,50,176,64.02877697841727
2018-09-17,56,102,176,35.44303797468354
2018-09-18,99,42,176,70.2127659574468
2018-09-19,96,51,176,65.3061224489796
2018-09-20,106,40,176,72.6027397260274
2018-09-21,77,71,176,52.02702702702703
2018-09-24,86,61,176,58.50340136054422
2018-09-25,85,63,176,57.432432432432435
2018-09-26,98,55,177,64.05228758169935
2018-09-27,88,64,177,57.89473684210527
2018-09-28,67,87,177,43.506493506493506
2018-10-01,63,99,177,38.88888888888889
2018-10-02,69,93,177,42.592592592592595
2018-10-03,80,65,177,55.172413793103445
2018-10-04,105,42,177,71.42857142857143
2018-10-05,35,119,177,22.727272727272727
2018-10-08,46,102,177,31.08108108108108
2018-10-09,63,85,177,42.567567567567565
2018-10-10,55,96,177,36.423841059602644
2018-10-11,3,168,177,1.7543859649122806
2018-10-12,147,18,177,89.0909090909091
2018-10-15,37,117,177,24.025974025974026
2018-10-16,120,35,177,77.41935483870968
2018-10-17,123,33,177,78.84615384615384
2018-10-18,34,119,177,22.22222222222222
2018-10-19,53,87,177,37.857142857142854
2018-10-22,51,102,177,33.33333333333333
2018-10-23,29,136,177,17.575757575757574
2018-10-24,31,131,177,19.1358024691358
2018-10-25,28,121,177,18.79194630872483
2018-10-26,46,109,177,29.677419354838708
2018-10-29,51,91,177,35.91549295774648
2018-10-30,77,71,177,52.02702702702703
2018-10-31,137,27,177,83.53658536585365
2018-11-01,39,118,177,24.840764331210192
2018-11-02,125,31,177,80.12820512820514
2018-11-05,71,69,177,50.71428571428571
2018-11-06,62,82,177,43.05555555555556
2018-11-07,54,91,177,37.24137931034483
2018-11-08,96,51,177,65.3061224489796
2018-11-09,36,118,177,23.376623376623375
2018-11-12,76,68,177,52.77777777777778
2018-11-13,39,114,178,25.49019607843137
2018-11-14,51,87,178,36.95652173913043
2018-11-15,56,85,178,39.71631205673759
2018-11-16,111,40,178,73.50993377483444
2018-11-19,118,33,178,78.1456953642384
2018-11-20,65,78,178,45.45454545454545
2018-11-21,76,64,178,54.285714285714285
2018-11-22,74,67,178,52.4822695035461
2018-11-23,46,103,178,30.87248322147651
2018-11-26,66,79,179,45.51724137931035
2018-11-27,51,97,179,34.45945945945946
2018-11-28,81,67,179,54.729729729729726
2018-11-29,54,84,180,39.130434782608695
2018-11-30,75,67,180,52.816901408450704
2018-12-03,146,20,180,87.95180722891565
2018-12-04,68,75,180,47.55244755244755
2018-12-05,69,78,180,46.93877551020408
2018-12-06,59,84,180,41.25874125874126
2018-12-07,110,40,180,73.33333333333333
2018-12-10,56,99,180,36.12903225806451
2018-12-11,56,94,181,37.333333333333336
2018-12-12,99,40,181,71.22302158273382
2018-12-13,85,57,181,59.859154929577464
2018-12-14,34,117,181,22.516556291390728
2018-12-17,14,145,181,8.80503144654088
2018-12-18,38,120,181,24.050632911392405
2018-12-19,48,97,181,33.10344827586207
2018-12-20,84,59,181,58.74125874125874
2018-12-21,63,76,181,45.32374100719424
2018-12-24,47,109,181,30.128205128205128
2018-12-25,20,140,181,12.5
2018-12-26,66,74,181,47.14285714285714
2018-12-27,133,24,181,84.71337579617835
2018-12-28,60,89,180,40.26845637583892
2019-01-02,49,105,180,31.818181818181817
2019-01-03,16,137,180,10.457516339869281
2019-01-04,80,62,180,56.33802816901409
2019-01-07,104,44,180,70.27027027027027
2019-01-08,60,81,180,42.5531914893617
2019-01-09,106,40,180,72.6027397260274
2019-01-10,70,77,180,47.61904761904761
2019-01-11,90,56,180,61.64383561643836
2019-01-14,54,92,181,36.986301369863014
2019-01-15,108,40,181,72.97297297297297
2019-01-16,73,71,182,50.69444444444444
2019-01-17,39,110,182,26.174496644295303
2019-01-18,58,85,182,40.55944055944056
2019-01-21,92,66,182,58.22784810126582
2019-01-22,59,91,182,39.33333333333333
2019-01-23,79,53,182,59.84848484848485
2019-01-24,80,73,182,52.28758169934641
2019-01-25,68,76,182,47.22222222222222
2019-01-28,72,76,182,48.64864864864865
2019-01-29,71,71,182,50.0
2019-01-30,69,70,182,49.64028776978417
2019-01-31,79,67,182,54.109589041095894
2019-02-01,84,52,182,61.76470588235294
2019-02-11,124,31,182,80.0
2019-02-12,103,43,182,70.54794520547945
2019-02-13,101,44,182,69.6551724137931
2019-02-14,68,85,182,44.44444444444444
2019-02-15,59,85,182,40.97222222222222
2019-02-18,108,48,182,69.23076923076923
2019-02-19,55,102,182,35.03184713375796
2019-02-20,72,76,182,48.64864864864865
2019-02-21,67,79,182,45.89041095890411
2019-02-22,75,80,182,48.38709677419355
2019-02-25,103,46,182,69.12751677852349
2019-02-26,62,91,182,40.52287581699346
2019-02-27,89,64,182,58.16993464052288
2019-02-28,24,138,182,14.814814814814813
2019-03-01,133,20,182,86.9281045751634
2019-03-04,130,26,182,83.33333333333334
2019-03-05,70,79,182,46.97986577181208
2019-03-06,89,70,182,55.9748427672956
2019-03-07,63,96,182,39.62264150943396
2019-03-08,47,114,182,29.19254658385093
2019-03-11,81,71,182,53.289473684210535
2019-03-12,120,45,182,72.72727272727273
2019-03-13,93,70,182,57.05521472392638
2019-03-14,83,60,182,58.04195804195804
2019-03-15,70,90,182,43.75
2019-03-18,98,59,182,62.42038216560509
2019-03-19,54,101,182,34.83870967741935
2019-03-20,64,94,182,40.50632911392405
2019-03-21,35,130,182,21.21212121212121
2019-03-22,91,60,182,60.264900662251655
2019-03-25,25,147,182,14.534883720930234
2019-03-26,85,56,182,60.28368794326241
2019-03-27,119,26,182,82.06896551724138
2019-03-28,69,79,182,46.62162162162162
2019-03-29,63,81,182,43.75
2019-04-01,79,71,182,52.666666666666664
2019-04-02,64,82,182,43.83561643835616
2019-04-03,67,86,182,43.790849673202615
2019-04-04,97,46,182,67.83216783216784
2019-04-05,86,58,182,59.72222222222222
2019-04-08,86,66,182,56.57894736842105
2019-04-09,37,120,182,23.56687898089172
2019-04-10,46,105,181,30.4635761589404
2019-04-11,74,72,181,50.68493150684932
2019-04-12,74,86,181,46.25
2019-04-16,35,114,181,23.48993288590604
2019-04-17,39,114,182,25.49019607843137
2019-04-18,28,120,182,18.91891891891892
2019-04-19,103,45,182,69.5945945945946
2019-04-22,42,114,182,26.923076923076923
2019-04-23,90,52,181,63.38028169014085
2019-04-24,104,43,181,70.74829931972789
2019-04-25,54,92,181,36.986301369863014
2019-04-26,95,43,181,68.84057971014492
2019-05-02,56,96,181,36.84210526315789
2019-05-03,41,106,181,27.89115646258503
2019-05-06,19,145,181,11.585365853658537
2019-05-07,81,66,182,55.10204081632652
2019-05-08,62,86,182,41.891891891891895
2019-05-09,52,97,182,34.899328859060404
2019-05-10,114,42,182,73.07692307692307
2019-05-13,90,66,182,57.692307692307686
2019-05-14,92,62,182,59.74025974025974
2019-05-15,110,45,182,70.96774193548387
2019-05-16,59,86,182,40.689655172413794
2019-05-17,64,90,182,41.55844155844156
2019-05-20,94,48,181,66.19718309859155
2019-05-21,74,84,181,46.835443037974684
2019-05-22,55,92,181,37.41496598639456
2019-05-23,84,66,181,56.00000000000001
2019-05-24,44,111,181,28.387096774193548
2019-05-27,75,62,181,54.74452554744526
2019-05-28,63,84,180,42.857142857142854
2019-05-29,62,90,181,40.78947368421053
2019-05-30,64,84,181,43.24324324324324
2019-05-31,32,119,181,21.192052980132452
2019-06-03,22,138,181,13.750000000000002
2019-06-04,84,58,181,59.154929577464785
2019-06-05,91,59,181,60.66666666666667
2019-06-06,59,80,182,42.44604316546763
2019-06-07,133,23,183,85.25641025641025
2019-06-10,86,58,183,59.72222222222222
2019-06-11,71,72,183,49.65034965034965
2019-06-12,44,108,183,28.947368421052634
2019-06-13,59,82,183,41.843971631205676
2019-06-14,57,77,183,42.53731343283582
2019-06-17,44,97,183,31.20567375886525
2019-06-18,58,92,183,38.666666666666664
2019-06-19,97,44,183,68.79432624113475
2019-06-20,102,54,183,65.38461538461539
2019-06-21,64,80,183,44.44444444444444
2019-06-24,57,97,183,37.01298701298701
2019-06-25,54,100,183,35.064935064935064
2019-06-26,74,86,183,46.25
2019-06-27,40,118,183,25.31645569620253
2019-06-28,99,55,183,64.28571428571429
2019-07-01,115,41,183,73.71794871794873
2019-07-02,57,88,183,39.310344827586206
2019-07-03,68,80,183,45.94594594594595
2019-07-04,103,43,183,70.54794520547945
2019-07-05,81,69,183,54.0
2019-07-08,38,108,183,26.027397260273972
2019-07-09,91,61,183,59.86842105263158
2019-07-10,93,54,183,63.26530612244898
2019-07-11,87,64,183,57.615894039735096
2019-07-12,64,85,183,42.95302013422819
2019-07-15,66,75,183,46.808510638297875
2019-07-16,73,71,183,50.69444444444444
2019-07-17,70,72,183,49.29577464788733
2019-07-18,48,89,182,35.03649635036496
2019-07-19,75,71,182,51.369863013698634
2019-07-22,52,107,182,32.70440251572327
2019-07-23,79,69,182,53.37837837837838
2019-07-24,65,86,182,43.04635761589404
2019-07-25,80,73,182,52.28758169934641
2019-07-26,50,93,183,34.96503496503497
2019-07-29,52,96,183,35.13513513513514
2019-07-30,27,122,183,18.120805369127517
2019-07-31,78,78,183,50.0
2019-08-01,84,73,183,53.503184713375795
2019-08-02,73,83,183,46.794871794871796
2019-08-05,53,103,183,33.97435897435898
2019-08-06,44,117,183,27.32919254658385
2019-08-07,67,84,183,44.370860927152314
2019-08-08,102,51,183,66.66666666666666
2019-08-09,80,62,183,56.33802816901409
2019-08-12,67,74,183,47.5177304964539
2019-08-13,33,119,183,21.710526315789476
2019-08-14,71,71,183,50.0
2019-08-15,69,86,183,44.516129032258064
2019-08-16,82,65,183,55.78231292517006
2019-08-19,76,70,183,52.054794520547944
2019-08-20,81,67,183,54.729729729729726
2019-08-21,66,84,183,44.0
2019-08-22,65,76,183,46.09929078014184
2019-08-23,53,102,183,34.193548387096776
2019-08-26,40,115,183,25.806451612903224
2019-08-27,69,76,183,47.58620689655172
2019-08-28,61,92,183,39.869281045751634
2019-08-29,69,77,183,47.26027397260274
2019-08-30,97,54,183,64.23841059602648
2019-09-03,26,127,183,16.99346405228758
2019-09-04,55,99,183,35.714285714285715
2019-09-05,57,84,183,40.42553191489361
2019-09-06,62,78,183,44.285714285714285
2019-09-09,54,92,183,36.986301369863014
2019-09-10,36,124,183,22.5
2019-09-11,84,66,182,56.00000000000001
2019-09-12,113,32,182,77.93103448275862
2019-09-13,90,62,182,59.210526315789465
2019-09-16,83,69,182,54.60526315789473
2019-09-17,71,82,182,46.40522875816993
2019-09-18,72,80,182,47.368421052631575
2019-09-19,74,64,183,53.62318840579711
2019-09-20,54,97,183,35.76158940397351
2019-09-23,48,109,183,30.573248407643312
2019-09-24,69,78,183,46.93877551020408
2019-09-25,70,70,183,50.0
2019-09-26,91,56,183,61.904761904761905
2019-09-27,65,75,183,46.42857142857143
2019-09-30,68,77,183,46.89655172413793
2019-10-01,88,73,183,54.6583850931677
2019-10-02,48,108,183,30.76923076923077
2019-10-03,78,66,183,54.166666666666664
2019-10-04,46,101,183,31.292517006802722
2019-10-07,46,109,183,29.677419354838708
2019-10-08,77,66,183,53.84615384615385
2019-10-09,69,68,183,50.36496350364964
2019-10-10,62,70,183,46.96969696969697
2019-10-11,69,65,183,51.49253731343284
2019-10-14,80,65,183,55.172413793103445
2019-10-15,65,83,183,43.91891891891892
2019-10-16,56,92,183,37.83783783783784
2019-10-17,55,88,183,38.46153846153847
2019-10-18,66,79,183,45.51724137931035
2019-10-21,51,93,183,35.41666666666667
2019-10-22,75,71,183,51.369863013698634
2019-10-23,75,66,183,53.191489361702125
2019-10-24,98,55,183,64.05228758169935
2019-10-25,70,76,183,47.94520547945205
2019-10-28,63,84,183,42.857142857142854
2019-10-29,43,102,183,29.655172413793103
2019-10-30,79,61,183,56.42857142857143
2019-10-31,35,94,183,27.131782945736433
2019-11-01,74,72,183,50.68493150684932
2019-11-04,68,81,183,45.63758389261745
2019-11-05,79,65,183,54.861111111111114
2019-11-06,71,76,183,48.29931972789115
2019-11-07,66,70,183,48.529411764705884
2019-11-08,70,73,183,48.95104895104895
2019-11-11,45,101,183,30.82191780821918
2019-11-12,89,64,183,58.16993464052288
2019-11-13,39,99,183,28.26086956521739
2019-11-14,58,90,183,39.189189189189186
2019-11-15,63,84,183,42.857142857142854
2019-11-18,48,99,183,32.6530612244898
2019-11-19,93,41,183,69.40298507462687
2019-11-20,54,87,183,38.297872340425535
2019-11-21,41,91,183,31.060606060606062
2019-11-22,30,126,183,19.230769230769234
2019-11-25,61,79,183,43.57142857142857
2019-11-26,86,56,183,60.56338028169014
2019-11-27,52,79,183,39.69465648854962
2019-11-28,35,115,183,23.333333333333332
2019-11-29,76,66,183,53.52112676056338
2019-12-02,32,112,182,22.22222222222222
2019-12-03,57,87,182,39.58333333333333
2019-12-04,111,33,182,77.08333333333334
2019-12-05,51,94,182,35.172413793103445
2019-12-06,70,64,182,52.23880597014925
2019-12-09,75,71,182,51.369863013698634
2019-12-10,42,105,183,28.57142857142857
2019-12-11,69,69,183,50.0
2019-12-12,96,47,183,67.13286713286713
2019-12-13,67,80,183,45.57823129251701
2019-12-16,73,73,183,50.0
2019-12-17,45,101,183,30.82191780821918
2019-12-18,43,103,183,29.45205479452055
2019-12-19,63,77,183,45.0
2019-12-20,85,62,183,57.82312925170068
2019-12-23,70,76,183,47.94520547945205
2019-12-24,65,77,183,45.774647887323944
2019-12-25,83,63,183,56.849315068493155
2019-12-26,64,84,183,43.24324324324324
2019-12-27,77,71,183,52.02702702702703
2019-12-30,76,69,183,52.41379310344828
2019-12-31,56,89,183,38.62068965517241
2020-01-02,99,51,183,66.0
2020-01-03,60,90,183,40.0
2020-01-06,33,128,183,20.496894409937887
2020-01-07,73,72,183,50.3448275862069
2020-01-08,22,134,183,14.102564102564102
2020-01-09,108,44,183,71.05263157894737
2020-01-10,82,64,184,56.16438356164384
2020-01-13,51,100,184,33.77483443708609
2020-01-14,71,69,184,50.71428571428571
2020-01-15,56,80,184,41.17647058823529
2020-01-16,90,67,184,57.324840764331206
2020-01-17,66,78,184,45.83333333333333
2020-01-20,71,65,184,52.20588235294118
2020-01-21,109,35,184,75.69444444444444
2020-01-22,113,34,184,76.87074829931973
2020-01-30,24,140,184,14.634146341463413
2020-01-31,18,145,184,11.042944785276074
2020-02-03,23,140,184,14.11042944785276
2020-02-04,74,79,184,48.36601307189542
2020-02-05,98,54,184,64.47368421052632
2020-02-06,133,23,184,85.25641025641025
2020-02-07,80,73,184,52.28758169934641
2020-02-10,40,112,184,26.31578947368421
2020-02-11,102,41,184,71.32867132867133
2020-02-12,129,28,184,82.16560509554141
2020-02-13,61,77,184,44.20289855072464
2020-02-14,65,81,184,44.52054794520548
2020-02-17,63,87,184,42.0
2020-02-18,79,65,184,54.861111111111114
2020-02-19,78,74,184,51.31578947368421
2020-02-20,98,51,184,65.77181208053692
2020-02-21,43,100,184,30.069930069930066
2020-02-24,10,163,184,5.780346820809249
2020-02-25,114,47,184,70.80745341614907
2020-02-26,39,119,184,24.68354430379747
2020-02-27,111,45,184,71.15384615384616
2020-02-28,31,135,184,18.67469879518072
2020-03-02,72,70,184,50.70422535211267
2020-03-03,109,41,184,72.66666666666667
2020-03-04,88,54,184,61.97183098591549
2020-03-05,77,70,184,52.38095238095239
2020-03-06,61,89,184,40.666666666666664
2020-03-09,1,176,183,0.5649717514124294
2020-03-10,84,62,183,57.534246575342465
2020-03-11,14,146,183,8.75
2020-03-12,9,164,183,5.202312138728324
2020-03-13,48,111,183,30.18867924528302
2020-03-16,49,110,183,30.81761006289308
2020-03-17,109,48,184,69.42675159235668
2020-03-18,88,65,184,57.51633986928104
2020-03-19,19,146,184,11.515151515151516
2020-03-20,56,90,184,38.35616438356164
2020-03-23,5,172,184,2.824858757062147
2020-03-24,80,83,184,49.079754601226995
2020-03-25,152,14,184,91.56626506024097
2020-03-26,29,132,184,18.012422360248447
2020-03-27,39,98,184,28.467153284671532
2020-03-30,11,163,184,6.321839080459771
2020-03-31,59,95,184,38.311688311688314
2020-04-01,152,19,184,88.88888888888889
2020-04-03,159,14,184,91.90751445086705
2020-04-06,158,10,184,94.04761904761905
2020-04-07,82,66,184,55.4054054054054
2020-04-08,63,88,184,41.72185430463576
2020-04-09,121,38,184,76.10062893081762
2020-04-10,53,98,184,35.099337748344375
2020-04-13,111,42,184,72.54901960784314
2020-04-14,72,88,184,45.0
2020-04-15,135,31,184,81.32530120481928
2020-04-16,92,59,184,60.9271523178808
2020-04-17,141,25,184,84.93975903614458
2020-04-20,94,64,184,59.49367088607595
2020-04-21,12,163,184,6.857142857142858
2020-04-22,118,40,184,74.68354430379746
2020-04-23,98,58,184,62.82051282051282
2020-04-24,72,65,184,52.55474452554745
2020-04-27,69,93,184,42.592592592592595
2020-04-28,78,73,184,51.65562913907284
2020-04-29,99,55,184,64.28571428571429
2020-05-04,37,122,184,23.270440251572328
2020-05-05,77,69,184,52.73972602739726
2020-05-06,127,29,184,81.41025641025641
2020-05-07,115,38,184,75.16339869281046
2020-05-08,94,64,184,59.49367088607595
2020-05-11,133,27,184,83.125
2020-05-12,114,45,184,71.69811320754717
2020-05-13,96,66,184,59.25925925925925
2020-05-14,72,96,184,42.857142857142854
2020-05-15,38,116,184,24.675324675324674
2020-05-18,104,53,184,66.2420382165605
2020-05-19,102,49,184,67.54966887417218
2020-05-20,75,71,184,51.369863013698634
2020-05-21,77,69,184,52.73972602739726
2020-05-22,48,110,184,30.37974683544304
2020-05-25,121,36,184,77.07006369426752
2020-05-26,141,21,184,87.03703703703704
2020-05-27,38,127,184,23.03030303030303
2020-05-28,79,68,184,53.74149659863946
2020-05-29,72,72,184,50.0
2020-06-01,145,20,184,87.87878787878788
2020-06-02,48,118,184,28.915662650602407
2020-06-03,108,47,184,69.6774193548387
2020-06-04,96,62,184,60.75949367088608
2020-06-05,109,44,184,71.24183006535948
2020-06-08,148,19,184,88.62275449101796
2020-06-09,72,94,184,43.373493975903614
2020-06-10,98,60,184,62.0253164556962
2020-06-11,13,158,184,7.602339181286549
2020-06-12,64,93,184,40.76433121019109
2020-06-15,25,148,184,14.450867052023122
2020-06-16,154,18,184,89.53488372093024
2020-06-17,60,89,184,40.26845637583892
2020-06-18,76,67,184,53.14685314685315
2020-06-19,145,24,184,85.79881656804734
2020-06-22,79,74,184,51.633986928104584
2020-06-23,72,92,184,43.90243902439025
2020-06-24,32,130,184,19.753086419753085
2020-06-25,52,104,185,33.33333333333333
2020-06-26,39,112,185,25.82781456953642
2020-06-29,18,156,185,10.344827586206897
2020-06-30,43,106,185,28.859060402684566
2020-07-01,154,17,185,90.05847953216374
2020-07-02,70,91,185,43.47826086956522
2020-07-03,88,63,185,58.27814569536424
2020-07-06,120,37,185,76.43312101910828
2020-07-07,65,85,185,43.333333333333336
2020-07-08,91,57,185,61.48648648648649
2020-07-09,138,21,185,86.79245283018868
2020-07-10,52,104,185,33.33333333333333
2020-07-13,53,99,185,34.868421052631575
2020-07-14,75,61,185,55.14705882352941
2020-07-15,82,68,185,54.666666666666664
2020-07-16,73,78,185,48.34437086092716
2020-07-17,83,70,185,54.248366013071895
2020-07-20,35,128,184,21.472392638036812
2020-07-21,77,79,184,49.358974358974365
2020-07-22,33,109,184,23.239436619718308
2020-07-23,59,99,184,37.34177215189873
2020-07-24,8,167,184,4.571428571428571
2020-07-27,4,171,184,2.2857142857142856
2020-07-28,165,8,185,95.37572254335261
2020-07-29,18,158,186,10.227272727272728
2020-07-30,122,33,186,78.70967741935485
2020-07-31,42,114,186,26.923076923076923
2020-08-03,165,10,186,94.28571428571428
2020-08-04,141,20,186,87.5776397515528
2020-08-05,140,20,186,87.5
2020-08-06,60,91,186,39.735099337748345
2020-08-07,74,78,186,48.68421052631579
2020-08-10,119,29,186,80.4054054054054
2020-08-11,81,81,186,50.0
2020-08-12,80,68,186,54.054054054054056
2020-08-13,124,28,186,81.57894736842105
2020-08-14,55,113,186,32.73809523809524
2020-08-17,80,75,186,51.61290322580645
2020-08-18,72,86,186,45.56962025316456
2020-08-19,116,37,186,75.81699346405229
2020-08-20,47,102,185,31.543624161073826
2020-08-21,136,22,185,86.07594936708861
2020-08-24,140,25,185,84.84848484848484
2020-08-25,80,69,185,53.691275167785236
2020-08-26,96,68,185,58.536585365853654
2020-08-27,108,41,185,72.48322147651007
2020-08-28,81,78,185,50.943396226415096
2020-08-31,46,121,186,27.54491017964072
2020-09-01,122,39,186,75.77639751552795
2020-09-03,91,65,186,58.333333333333336
2020-09-04,69,95,186,42.073170731707314
2020-09-07,45,121,186,27.10843373493976
2020-09-08,117,38,186,75.48387096774194
2020-09-09,93,58,186,61.58940397350994
2020-09-10,78,62,186,55.714285714285715
2020-09-11,83,76,186,52.20125786163522
2020-09-14,118,45,186,72.39263803680981
2020-09-15,72,85,186,45.85987261146497
2020-09-16,84,65,186,56.375838926174495
2020-09-17,74,89,186,45.39877300613497
2020-09-18,104,49,186,67.97385620915033
2020-09-21,83,71,186,53.896103896103895
2020-09-22,70,75,186,48.275862068965516
2020-09-23,92,58,186,61.33333333333333
2020-09-24,47,105,186,30.92105263157895
2020-09-25,61,93,186,39.61038961038961
2020-09-28,101,53,186,65.5844155844156
2020-09-29,32,130,186,19.753086419753085
2020-09-30,111,51,186,68.51851851851852
2020-10-01,136,25,186,84.472049689441
2020-10-02,40,118,186,25.31645569620253
2020-10-05,136,22,186,86.07594936708861
2020-10-06,67,78,186,46.206896551724135
2020-10-07,51,107,186,32.278481012658226
2020-10-08,51,110,186,31.67701863354037
2020-10-09,89,56,186,61.37931034482759
2020-10-12,36,135,187,21.052631578947366
2020-10-13,73,73,187,50.0
2020-10-14,77,86,187,47.239263803680984
2020-10-15,71,90,187,44.099378881987576
2020-10-16,87,79,187,52.40963855421686
2020-10-19,90,73,187,55.21472392638037
2020-10-20,76,73,187,51.006711409395976
2020-10-21,45,113,187,28.48101265822785
2020-10-22,91,55,187,62.328767123287676
2020-10-23,95,69,187,57.92682926829268
2020-10-26,31,133,186,18.902439024390244
2020-10-27,30,128,186,18.9873417721519
2020-10-28,16,156,186,9.30232558139535
2020-10-29,89,66,186,57.41935483870968
2020-10-30,88,62,185,58.666666666666664
2020-11-02,119,45,185,72.5609756097561
2020-11-03,111,43,185,72.07792207792207
2020-11-04,125,34,185,78.61635220125787
2020-11-05,39,120,185,24.528301886792452
2020-11-06,72,70,185,50.70422535211267
2020-11-09,143,21,186,87.1951219512195
2020-11-10,76,84,187,47.5
2020-11-11,83,62,187,57.24137931034483
2020-11-12,111,47,187,70.25316455696202
2020-11-13,106,49,187,68.38709677419355
2020-11-16,41,127,187,24.404761904761905
2020-11-17,150,18,187,89.28571428571429
2020-11-18,93,64,187,59.23566878980891
2020-11-19,95,58,187,62.091503267973856
2020-11-20,99,65,187,60.36585365853659
2020-11-23,86,69,187,55.483870967741936
2020-11-24,61,100,187,37.88819875776397
2020-11-25,74,88,187,45.67901234567901
2020-11-26,83,74,187,52.86624203821656
2020-11-27,100,55,187,64.51612903225806
2020-11-30,64,105,187,37.8698224852071
2020-12-01,99,61,187,61.875
2020-12-02,101,64,186,61.212121212121204
2020-12-03,111,43,186,72.07792207792207
2020-12-04,70,92,186,43.20987654320987
2020-12-07,117,49,186,70.48192771084338
2020-12-08,84,82,186,50.602409638554214
2020-12-09,114,50,187,69.51219512195121
2020-12-10,38,140,187,21.34831460674157
2020-12-11,131,27,187,82.91139240506328
2020-12-14,140,22,187,86.41975308641975
2020-12-15,73,97,187,42.94117647058823
2020-12-16,120,36,187,76.92307692307693
2020-12-17,61,109,187,35.88235294117647
2020-12-18,131,36,187,78.44311377245509
2020-12-21,120,46,187,72.28915662650603
2020-12-22,112,58,186,65.88235294117646
2020-12-23,66,110,186,37.5
2020-12-24,27,152,187,15.083798882681565
2020-12-25,154,21,187,88.0
2020-12-28,89,77,187,53.6144578313253
2020-12-29,100,66,188,60.24096385542169
2020-12-30,65,105,188,38.23529411764706
2020-12-31,110,53,188,67.48466257668711
2021-01-04,152,23,188,86.85714285714286
2021-01-05,100,74,188,57.47126436781609
2021-01-06,91,76,188,54.49101796407185
2021-01-07,117,51,189,69.64285714285714
2021-01-08,108,65,190,62.42774566473989
2021-01-11,115,57,190,66.86046511627907
2021-01-12,110,62,190,63.95348837209303
2021-01-13,59,120,190,32.960893854748605
2021-01-14,85,81,190,51.204819277108435
2021-01-15,116,57,190,67.05202312138728
2021-01-18,83,97,190,46.111111111111114
2021-01-19,2,184,190,1.0752688172043012
2021-01-20,73,95,190,43.452380952380956
2021-01-21,169,12,190,93.37016574585635
2021-01-22,79,96,190,45.14285714285714
2021-01-25,84,91,190,48.0
2021-01-26,27,160,190,14.43850267379679
2021-01-27,13,170,190,7.103825136612022
2021-01-28,1,187,190,0.5319148936170213
2021-01-29,158,21,191,88.26815642458101
2021-02-01,24,161,191,12.972972972972974
2021-02-02,142,34,191,80.68181818181817
2021-02-03,181,7,191,96.27659574468085
2021-02-04,94,66,191,58.75
2021-02-05,138,36,191,79.3103448275862
2021-02-08,24,160,191,13.043478260869565
2021-02-09,171,13,191,92.93478260869566
2021-02-17,180,6,191,96.7741935483871
2021-02-18,125,47,191,72.67441860465115
2021-02-19,84,91,191,48.0
2021-02-22,79,94,191,45.664739884393065
2021-02-23,94,75,191,55.62130177514793
2021-02-24,36,148,191,19.565217391304348
2021-02-25,88,79,191,52.69461077844312
2021-02-26,81,78,191,50.943396226415096
2021-03-01,160,19,191,89.3854748603352
2021-03-02,85,86,191,49.707602339181285
2021-03-03,103,68,191,60.23391812865497
2021-03-04,41,140,191,22.65193370165746
2021-03-05,103,72,191,58.857142857142854
2021-03-08,122,51,191,70.52023121387283
2021-03-09,67,111,191,37.640449438202246
2021-03-10,117,55,191,68.02325581395348
2021-03-11,122,54,191,69.31818181818183
2021-03-12,59,110,191,34.9112426035503
2021-03-15,84,90,191,48.275862068965516
2021-03-16,54,123,191,30.508474576271187
2021-03-17,104,70,191,59.77011494252874
2021-03-18,89,69,191,56.32911392405063
2021-03-19,74,96,191,43.529411764705884
2021-03-22,61,114,191,34.85714285714286
2021-03-23,30,151,191,16.574585635359114
2021-03-24,21,163,191,11.41304347826087
2021-03-25,57,118,192,32.57142857142858
2021-03-26,56,119,192,32.0
2021-03-29,156,29,192,84.32432432432432
2021-03-30,97,69,192,58.43373493975904
2021-03-31,92,76,191,54.761904761904766
2021-04-01,160,20,191,88.88888888888889
2021-04-02,105,66,191,61.40350877192983
2021-04-05,63,108,192,36.84210526315789
2021-04-06,62,111,192,35.83815028901734
2021-04-07,113,56,192,66.86390532544378
2021-04-08,64,101,192,38.78787878787879
2021-04-09,76,94,192,44.70588235294118
2021-04-12,105,72,192,59.32203389830508
2021-04-13,23,159,191,12.637362637362637
2021-04-14,116,57,191,67.05202312138728
2021-04-15,34,152,191,18.27956989247312
2021-04-16,27,155,192,14.835164835164836
2021-04-19,123,57,192,68.33333333333333
2021-04-20,55,118,192,31.79190751445087
2021-04-22,10,175,192,5.405405405405405
2021-04-23,161,20,192,88.95027624309392
2021-04-26,35,152,192,18.71657754010695
2021-04-27,73,95,192,43.452380952380956
2021-04-28,132,37,192,78.10650887573965
2021-04-29,107,60,191,64.07185628742515
2021-05-04,52,132,191,28.26086956521739
2021-05-05,153,30,191,83.60655737704919
2021-05-06,60,116,192,34.090909090909086
2021-05-07,45,139,192,24.456521739130434
2021-05-10,91,88,192,50.83798882681564
2021-05-11,110,66,192,62.5
2021-05-12,147,31,192,82.58426966292134
2021-05-13,53,127,192,29.444444444444446
2021-05-14,81,89,192,47.647058823529406
2021-05-17,47,133,192,26.111111111111114
2021-05-18,54,123,192,30.508474576271187
2021-05-19,77,98,192,44.0
2021-05-20,81,97,192,45.50561797752809
2021-05-21,135,50,192,72.97297297297297
2021-05-24,144,38,192,79.12087912087912
2021-05-25,115,56,192,67.2514619883041
2021-05-26,77,96,192,44.50867052023121
2021-05-27,45,137,192,24.725274725274726
2021-05-28,145,40,192,78.37837837837837
2021-05-31,101,85,192,54.3010752688172
2021-06-01,90,99,192,47.61904761904761
2021-06-02,115,66,192,63.53591160220995
2021-06-03,150,27,192,84.7457627118644
2021-06-04,90,88,192,50.56179775280899
2021-06-07,64,121,192,34.5945945945946
2021-06-08,29,158,192,15.508021390374333
2021-06-09,124,47,192,72.51461988304094
2021-06-10,63,111,192,36.206896551724135
2021-06-11,157,24,192,86.74033149171271
2021-06-14,119,59,192,66.85393258426966
2021-06-15,95,81,192,53.97727272727273
2021-06-16,76,104,192,42.22222222222222
2021-06-17,121,54,192,69.14285714285714
2021-06-18,115,58,192,66.47398843930635
2021-06-21,80,102,192,43.956043956043956
2021-06-22,85,97,192,46.7032967032967
2021-06-23,45,138,192,24.59016393442623
2021-06-24,54,117,192,31.57894736842105
2021-06-25,111,55,192,66.86746987951807
2021-06-28,132,45,192,74.57627118644068
2021-06-29,71,108,192,39.66480446927375
2021-06-30,59,114,192,34.104046242774565
2021-07-01,108,71,192,60.33519553072626
2021-07-02,82,90,192,47.674418604651166
2021-07-05,50,137,192,26.737967914438503
2021-07-06,12,179,192,6.282722513089005
2021-07-07,99,78,192,55.932203389830505
2021-07-08,65,100,192,39.39393939393939
2021-07-09,29,158,192,15.508021390374333
2021-07-12,12,174,192,6.451612903225806
2021-07-13,141,37,192,79.21348314606742
2021-07-14,49,126,192,28.000000000000004
2021-07-15,159,24,192,86.88524590163934
2021-07-16,92,87,193,51.39664804469274
2021-07-19,12,176,193,6.382978723404255
2021-07-20,165,21,194,88.70967741935483
2021-07-21,70,100,194,41.17647058823529
2021-07-22,173,10,194,94.53551912568307
2021-07-23,40,141,194,22.099447513812155
2021-07-26,105,66,194,61.40350877192983
2021-07-27,115,56,194,67.2514619883041
2021-07-28,68,107,194,38.857142857142854
2021-07-29,140,35,194,80.0
2021-07-30,136,41,194,76.8361581920904
2021-08-02,114,69,194,62.295081967213115
2021-08-03,112,64,194,63.63636363636363
2021-08-04,104,71,194,59.42857142857143
2021-08-05,129,41,194,75.88235294117646
2021-08-06,76,104,194,42.22222222222222
2021-08-09,162,22,194,88.04347826086956
2021-08-10,110,68,194,61.79775280898876
2021-08-11,71,113,194,38.58695652173913
2021-08-12,89,92,194,49.171270718232044
2021-08-13,95,87,194,52.197802197802204
2021-08-16,141,40,194,77.90055248618785
2021-08-17,61,122,194,33.33333333333333
2021-08-18,88,90,194,49.43820224719101
2021-08-19,118,58,194,67.04545454545455
2021-08-20,35,151,194,18.817204301075268
2021-08-23,47,143,194,24.736842105263158
2021-08-24,76,106,194,41.75824175824176
2021-08-25,129,47,194,73.29545454545455
2021-08-26,85,97,194,46.7032967032967
2021-08-27,151,31,194,82.96703296703298
2021-08-30,164,14,189,92.13483146067416
2021-08-31,92,83,189,52.57142857142857
2021-09-01,104,66,189,61.1764705882353
2021-09-06,133,51,193,72.28260869565217
2021-09-07,46,143,194,24.33862433862434
2021-09-08,58,117,194,33.14285714285714
2021-09-09,146,38,194,79.34782608695652
2021-09-10,77,95,194,44.76744186046512
2021-09-13,68,123,194,35.602094240837694
2021-09-14,60,118,194,33.70786516853933
2021-09-15,137,41,194,76.96629213483146
2021-09-16,94,85,194,52.513966480446925
2021-09-17,130,46,194,73.86363636363636
2021-09-20,66,118,194,35.869565217391305
2021-09-21,61,125,194,32.795698924731184
2021-09-22,142,42,194,77.17391304347827
2021-09-23,57,122,194,31.843575418994412
2021-09-24,45,138,194,24.59016393442623
2021-09-27,10,175,194,5.405405405405405
2021-09-28,157,21,194,88.20224719101124
2021-09-29,83,91,194,47.701149425287355
2021-09-30,108,56,194,65.85365853658537
2021-10-01,70,110,194,38.88888888888889
2021-10-04,113,65,194,63.48314606741573
2021-10-05,121,58,194,67.59776536312849
2021-10-06,123,42,193,74.54545454545455
2021-10-07,115,67,193,63.18681318681318
2021-10-08,80,100,193,44.44444444444444
2021-10-11,98,79,194,55.367231638418076
2021-10-12,83,88,194,48.53801169590643
2021-10-13,77,93,194,45.294117647058826
2021-10-14,120,48,194,71.42857142857143
2021-10-15,86,89,194,49.142857142857146
2021-10-18,84,100,194,45.65217391304348
2021-10-19,77,100,194,43.50282485875706
2021-10-20,78,94,194,45.348837209302324
2021-10-21,85,91,194,48.29545454545455
2021-10-22,103,78,194,56.9060773480663
2021-10-25,82,98,194,45.55555555555556
2021-10-26,112,66,194,62.92134831460674
2021-10-27,150,32,194,82.41758241758241
2021-10-28,136,44,193,75.55555555555556
2021-10-29,101,83,193,54.891304347826086
2021-11-01,91,92,193,49.72677595628415
2021-11-02,137,40,193,77.40112994350282
2021-11-03,37,149,193,19.892473118279568
2021-11-04,123,58,194,67.95580110497238
2021-11-05,136,43,194,75.97765363128491
2021-11-08,128,53,194,70.71823204419888
2021-11-09,80,93,194,46.24277456647399
2021-11-10,118,64,194,64.83516483516483
2021-11-11,73,115,194,38.82978723404255
2021-11-12,119,61,194,66.11111111111111
2021-11-15,105,82,194,56.14973262032086
2021-11-16,67,111,194,37.640449438202246
2021-11-17,112,71,194,61.20218579234973
2021-11-18,89,97,194,47.8494623655914
2021-11-19,46,142,194,24.46808510638298
2021-11-22,49,140,194,25.925925925925924
2021-11-23,146,37,194,79.78142076502732
2021-11-24,114,67,194,62.98342541436463
2021-11-25,127,52,194,70.94972067039106
2021-11-26,54,135,194,28.57142857142857
2021-11-29,83,104,194,44.38502673796791
2021-11-30,92,88,194,51.11111111111111
2021-12-01,94,89,194,51.36612021857923
2021-12-02,84,97,194,46.408839779005525
2021-12-03,9,179,194,4.787234042553192
2021-12-06,17,171,195,9.042553191489363
2021-12-07,184,6,195,96.84210526315789
2021-12-08,98,75,195,56.64739884393064
2021-12-09,153,30,195,83.60655737704919
2021-12-10,84,94,195,47.19101123595505
2021-12-13,148,34,195,81.31868131868131
2021-12-14,71,115,195,38.17204301075269
2021-12-15,73,113,195,39.247311827956985
2021-12-16,88,97,195,47.56756756756757
2021-12-17,93,87,195,51.66666666666667
2021-12-20,66,117,195,36.0655737704918
2021-12-21,86,95,195,47.51381215469613
2021-12-22,77,110,195,41.17647058823529
2021-12-23,55,131,195,29.56989247311828
2021-12-24,116,70,195,62.365591397849464
2021-12-27,117,63,195,65.0
2021-12-28,91,88,195,50.83798882681564
2021-12-29,79,97,195,44.88636363636363
2021-12-30,91,88,194,50.83798882681564
2021-12-31,95,88,194,51.91256830601093
2022-01-04,143,37,194,79.44444444444444
2022-01-05,91,90,194,50.27624309392266
2022-01-06,76,110,194,40.86021505376344
2022-01-07,93,92,193,50.27027027027027
2022-01-10,35,148,193,19.12568306010929
2022-01-11,49,136,193,26.486486486486488
2022-01-12,95,91,194,51.075268817204304
2022-01-13,45,140,194,24.324324324324326
2022-01-14,86,91,194,48.58757062146893
2022-01-17,10,181,194,5.2356020942408374
2022-01-18,56,134,194,29.47368421052631
2022-01-19,119,61,194,66.11111111111111
2022-01-20,168,20,195,89.36170212765957
2022-01-21,80,103,195,43.71584699453552
2022-01-24,18,176,195,9.278350515463918
2022-01-25,146,40,195,78.49462365591397
2022-01-26,78,107,195,42.16216216216216
2022-01-27,67,114,195,37.01657458563536
2022-01-28,128,53,195,70.71823204419888
2022-02-07,161,25,195,86.55913978494624
2022-02-08,129,58,195,68.98395721925134
2022-02-09,126,59,195,68.10810810810811
2022-02-10,98,77,195,56.00000000000001
2022-02-11,94,85,195,52.513966480446925
2022-02-14,55,133,195,29.25531914893617
2022-02-15,125,57,194,68.68131868131869
2022-02-16,127,53,194,70.55555555555556
2022-02-17,114,61,194,65.14285714285715
2022-02-18,116,64,194,64.44444444444444
2022-02-21,122,47,194,72.18934911242604
2022-02-22,50,136,194,26.881720430107524
2022-02-23,145,37,195,79.67032967032966
2022-02-24,44,147,195,23.036649214659686
2022-02-25,138,47,195,74.5945945945946
2022-02-28,87,99,195,46.774193548387096
2022-03-01,108,67,195,61.71428571428571
2022-03-02,66,120,195,35.483870967741936
2022-03-03,148,35,195,80.87431693989072
2022-03-04,100,77,195,56.49717514124294
2022-03-07,84,101,195,45.40540540540541
2022-03-08,33,155,195,17.5531914893617
2022-03-09,88,94,195,48.35164835164835
2022-03-10,111,73,195,60.32608695652174
2022-03-11,58,128,195,31.182795698924732
2022-03-14,41,146,195,21.92513368983957
2022-03-15,124,53,195,70.05649717514125
2022-03-16,116,62,195,65.1685393258427
2022-03-17,100,80,195,55.55555555555556
2022-03-18,111,70,195,61.32596685082873
2022-03-21,149,34,195,81.4207650273224
2022-03-22,114,64,195,64.04494382022472
2022-03-23,77,107,195,41.84782608695652
2022-03-24,111,72,195,60.65573770491803
2022-03-25,88,86,195,50.57471264367817
2022-03-28,58,126,195,31.521739130434785
2022-03-29,147,36,195,80.32786885245902
2022-03-30,54,133,195,28.87700534759358
2022-03-31,78,104,195,42.857142857142854
2022-04-01,141,40,195,77.90055248618785
2022-04-04,110,74,195,59.78260869565217
2022-04-05,74,108,195,40.65934065934066
2022-04-06,71,115,195,38.17204301075269
2022-04-07,31,158,195,16.402116402116402
2022-04-08,25,161,195,13.440860215053762
2022-04-12,30,157,195,16.0427807486631
2022-04-13,173,18,195,90.57591623036649
2022-04-14,76,108,195,41.30434782608695
2022-04-15,64,125,195,33.86243386243386
2022-04-18,51,134,195,27.56756756756757
2022-04-19,37,154,195,19.3717277486911
2022-04-20,27,157,195,14.673913043478262
2022-04-21,56,126,195,30.76923076923077
2022-04-22,79,105,195,42.934782608695656
2022-04-25,2,188,195,1.0526315789473684
2022-04-26,161,26,195,86.09625668449198
2022-04-27,141,36,195,79.66101694915254
2022-04-28,95,84,195,53.072625698324025
2022-04-29,166,23,195,87.83068783068782
2022-05-04,70,116,195,37.634408602150536
2022-05-05,63,120,195,34.42622950819672
2022-05-06,14,176,195,7.368421052631578
2022-05-09,0,195,195,0.0
2022-05-10,135,53,195,71.80851063829788
2022-05-11,123,54,195,69.49152542372882
2022-05-12,5,186,195,2.6178010471204187
2022-05-13,6,186,195,3.125
2022-05-16,97,84,195,53.591160220994475
2022-05-17,191,3,195,98.4536082474227
2022-05-18,121,57,195,67.97752808988764
2022-05-19,72,96,195,42.857142857142854
2022-05-20,112,65,195,63.2768361581921
2022-05-23,41,137,195,23.03370786516854
2022-05-24,123,57,195,68.33333333333333
2022-05-25,186,6,195,96.875
2022-05-26,104,72,195,59.09090909090909
2022-05-27,132,42,195,75.86206896551724
2022-05-30,116,56,195,67.44186046511628
2022-05-31,77,107,195,41.84782608695652
2022-06-01,88,89,195,49.717514124293785
2022-06-02,53,135,195,28.191489361702125
2022-06-03,71,102,195,41.040462427745666
2022-06-06,59,125,195,32.065217391304344
2022-06-07,75,110,195,40.54054054054054
2022-06-08,161,29,195,84.73684210526315
2022-06-09,102,73,195,58.285714285714285
2022-06-10,14,172,195,7.526881720430108
2022-06-13,5,190,195,2.564102564102564
2022-06-14,81,100,195,44.751381215469614
2022-06-15,30,155,195,16.216216216216218
2022-06-16,127,53,195,70.55555555555556
2022-06-17,35,154,195,18.51851851851852
2022-06-20,10,179,195,5.291005291005291
2022-06-21,52,133,195,28.10810810810811
2022-06-22,125,60,195,67.56756756756756
2022-06-23,165,23,195,87.7659574468085
2022-06-24,97,86,195,53.00546448087432
2022-06-27,165,20,195,89.1891891891892
2022-06-28,127,53,195,70.55555555555556
2022-06-29,84,93,195,47.45762711864407
2022-06-30,25,163,195,13.297872340425531
2022-07-01,104,75,195,58.10055865921788
2022-07-04,93,81,195,53.44827586206896
2022-07-05,34,156,195,17.894736842105264
2022-07-06,15,172,195,8.02139037433155
2022-07-07,122,57,195,68.15642458100558
2022-07-08,150,29,195,83.79888268156425
2022-07-11,47,129,195,26.704545454545453
2022-07-12,178,13,195,93.19371727748691
2022-07-13,90,86,195,51.13636363636363
2022-07-14,131,44,195,74.85714285714286
2022-07-15,76,105,195,41.988950276243095
2022-07-18,98,80,195,55.0561797752809
2022-07-19,78,100,195,43.82022471910113
2022-07-20,175,13,195,93.08510638297872
2022-07-21,61,113,195,35.05747126436782
2022-07-22,58,122,195,32.22222222222222
2022-07-25,53,129,195,29.120879120879124
2022-07-26,55,122,195,31.07344632768362
2022-07-27,116,48,195,70.73170731707317
2022-07-28,163,24,195,87.16577540106952
2022-07-29,81,86,195,48.50299401197605
2022-08-01,164,24,195,87.2340425531915
2022-08-02,118,64,195,64.83516483516483
2022-08-03,136,43,195,75.97765363128491
2022-08-04,75,101,195,42.61363636363637
2022-08-05,109,64,195,63.005780346820806
2022-08-08,107,70,195,60.451977401129945
2022-08-09,103,71,195,59.195402298850574
2022-08-10,74,104,195,41.57303370786517
2022-08-11,43,144,195,22.994652406417114
2022-08-12,141,32,195,81.5028901734104
2022-08-15,121,51,195,70.34883720930233
2022-08-16,98,85,195,53.551912568306015
2022-08-17,58,119,195,32.7683615819209
2022-08-18,49,122,195,28.654970760233915
2022-08-19,50,126,195,28.40909090909091
2022-08-22,58,123,195,32.04419889502763
2022-08-23,166,18,195,90.21739130434783
2022-08-24,109,74,195,59.56284153005464
2022-08-25,111,62,195,64.16184971098265
2022-08-26,36,151,195,19.25133689839572
2022-08-29,36,151,195,19.25133689839572
2022-08-30,71,101,195,41.27906976744186
2022-08-31,107,65,195,62.2093023255814
2022-09-05,74,100,195,42.5287356321839
2022-09-06,81,91,195,47.093023255813954
2022-09-07,14,175,195,7.4074074074074066
2022-09-08,50,127,195,28.24858757062147
2022-09-09,140,36,195,79.54545454545455
2022-09-12,82,95,195,46.32768361581921
2022-09-13,85,84,195,50.29585798816568
2022-09-14,72,102,195,41.37931034482759
2022-09-15,75,91,195,45.18072289156627
2022-09-16,24,168,195,12.5
2022-09-19,13,179,195,6.770833333333333
2022-09-20,155,29,195,84.23913043478261
2022-09-21,56,124,195,31.11111111111111
2022-09-22,142,34,195,80.68181818181817
2022-09-23,51,125,195,28.97727272727273
2022-09-26,12,181,195,6.217616580310881
2022-09-27,73,98,195,42.69005847953216
2022-09-28,28,153,195,15.469613259668508
2022-09-29,21,153,195,12.068965517241379
2022-09-30,97,77,195,55.74712643678161
2022-10-03,3,192,195,1.5384615384615385
2022-10-04,53,123,195,30.113636363636363
2022-10-05,189,2,195,98.95287958115183
2022-10-06,10,180,195,5.263157894736842
2022-10-07,17,175,195,8.854166666666668
2022-10-10,139,36,195,79.42857142857143
2022-10-11,8,182,195,4.2105263157894735
2022-10-12,167,16,195,91.2568306010929
2022-10-13,126,48,195,72.41379310344827
2022-10-14,159,19,195,89.32584269662921
2022-10-17,79,98,195,44.632768361581924
2022-10-18,128,49,195,72.31638418079096
2022-10-19,58,116,195,33.33333333333333
2022-10-20,44,135,195,24.581005586592177
2022-10-21,4,190,195,2.0618556701030926
2022-10-24,10,179,195,5.291005291005291
2022-10-25,89,90,195,49.72067039106145
2022-10-26,57,116,195,32.947976878612714
2022-10-27,185,9,195,95.36082474226805
2022-10-28,85,92,195,48.0225988700565
2022-10-31,62,113,195,35.42857142857142
2022-11-01,118,60,195,66.29213483146067
2022-11-02,63,105,195,37.5
2022-11-03,62,110,195,36.04651162790697
2022-11-04,16,171,195,8.55614973262032
2022-11-07,14,174,195,7.446808510638298
2022-11-08,103,79,195,56.59340659340659
2022-11-09,102,66,195,60.71428571428571
2022-11-10,2,191,195,1.0362694300518136
2022-11-11,78,108,195,41.935483870967744
2022-11-14,21,171,195,10.9375
2022-11-15,10,182,195,5.208333333333334
2022-11-16,181,10,195,94.76439790575915
2022-11-17,165,22,195,88.23529411764706
2022-11-18,131,45,195,74.43181818181817
2022-11-21,125,53,195,70.2247191011236
2022-11-22,111,65,195,63.06818181818182
2022-11-23,38,141,195,21.22905027932961
2022-11-24,93,82,195,53.142857142857146
2022-11-25,181,11,195,94.27083333333334
2022-11-28,182,8,195,95.78947368421052
2022-11-29,152,26,195,85.39325842696628
2022-11-30,149,37,195,80.10752688172043
2022-12-01,91,85,195,51.70454545454546
2022-12-02,175,12,195,93.58288770053476
2022-12-05,135,48,195,73.77049180327869
2022-12-06,28,161,195,14.814814814814813
2022-12-07,39,142,195,21.54696132596685
2022-12-08,152,30,195,83.51648351648352
2022-12-09,102,77,195,56.98324022346368
2022-12-12,61,117,195,34.26966292134831
2022-12-13,148,34,195,81.31868131868131
2022-12-14,105,68,195,60.69364161849711
2022-12-15,97,71,195,57.738095238095234
2022-12-16,99,75,195,56.896551724137936
2022-12-19,51,127,195,28.651685393258425
2022-12-20,26,156,195,14.285714285714285
2022-12-21,44,133,195,24.858757062146893
2022-12-22,117,59,195,66.47727272727273
2022-12-23,78,96,195,44.827586206896555
2022-12-26,7,184,195,3.664921465968586
2022-12-27,166,19,195,89.72972972972974
2022-12-28,117,61,195,65.73033707865169
2022-12-29,48,128,195,27.27272727272727
2022-12-30,84,81,195,50.90909090909091
2023-01-03,177,17,195,91.23711340206185
2023-01-04,84,87,195,49.122807017543856
2023-01-05,109,66,195,62.28571428571429
2023-01-06,46,131,195,25.98870056497175
2023-01-09,67,98,194,40.60606060606061
2023-01-10,96,74,194,56.470588235294116
2023-01-11,120,52,194,69.76744186046511
2023-01-12,83,82,194,50.303030303030305
2023-01-13,67,101,194,39.88095238095239
2023-01-16,79,94,194,45.664739884393065
2023-01-17,172,14,195,92.47311827956989
2023-01-18,146,36,195,80.21978021978022
2023-01-19,127,42,195,75.14792899408283
2023-01-27,127,48,195,72.57142857142857
2023-01-30,78,105,195,42.62295081967213
2023-01-31,136,47,195,74.31693989071039
2023-02-01,19,170,195,10.052910052910052
2023-02-02,44,136,195,24.444444444444443
2023-02-03,98,74,195,56.97674418604651
2023-02-06,103,67,195,60.588235294117645
2023-02-07,28,156,195,15.217391304347828
2023-02-08,116,59,195,66.28571428571428
2023-02-09,82,90,195,47.674418604651166
2023-02-10,32,149,195,17.67955801104972
2023-02-13,18,171,195,9.523809523809524
2023-02-14,116,53,195,68.63905325443787
2023-02-15,170,15,195,91.8918918918919
2023-02-16,169,12,195,93.37016574585635
2023-02-17,69,99,195,41.07142857142857
2023-02-20,182,6,195,96.80851063829788
2023-02-21,50,127,195,28.24858757062147
2023-02-22,14,174,195,7.446808510638298
2023-02-23,89,79,195,52.976190476190474
2023-02-24,28,155,195,15.300546448087433
2023-02-27,12,178,195,6.315789473684211
2023-02-28,109,53,195,67.28395061728395
2023-03-01,172,16,195,91.48936170212765
2023-03-02,55,128,195,30.05464480874317
2023-03-03,23,158,195,12.70718232044199
2023-03-06,119,55,195,68.39080459770115
2023-03-07,111,52,195,68.09815950920245
2023-03-08,150,22,195,87.20930232558139
2023-03-09,104,52,195,66.66666666666666
2023-03-10,47,130,195,26.55367231638418
2023-03-13,36,146,195,19.78021978021978
2023-03-14,17,171,195,9.042553191489363
2023-03-15,187,6,195,96.89119170984456
2023-03-16,9,181,195,4.736842105263158
2023-03-17,89,77,195,53.6144578313253
2023-03-20,11,176,195,5.88235294117647
2023-03-21,151,25,195,85.79545454545455
2023-03-22,85,72,195,54.14012738853503
2023-03-23,102,58,195,63.74999999999999
2023-03-24,122,47,195,72.18934911242604
2023-03-27,138,40,195,77.52808988764045
2023-03-28,81,85,195,48.795180722891565
2023-03-29,82,82,195,50.0
2023-03-30,76,84,195,47.5
2023-03-31,98,66,195,59.756097560975604
2023-04-03,172,12,195,93.47826086956522
2023-04-04,120,61,195,66.29834254143645
2023-04-05,123,51,195,70.6896551724138
2023-04-06,46,133,195,25.69832402234637
2023-04-07,91,89,195,50.55555555555556
2023-04-10,66,104,195,38.82352941176471
2023-04-11,142,34,195,80.68181818181817
2023-04-12,83,88,195,48.53801169590643
2023-04-13,52,125,195,29.37853107344633
2023-04-14,25,158,195,13.661202185792352
2023-04-17,98,69,195,58.68263473053892
2023-04-18,133,44,195,75.14124293785311
2023-04-19,36,139,195,20.57142857142857
2023-04-20,94,73,195,56.287425149700596
2023-04-21,60,116,195,34.090909090909086
2023-04-24,72,96,195,42.857142857142854
2023-04-25,50,127,195,28.24858757062147
2023-04-26,129,42,195,75.43859649122807
2023-04-27,92,81,195,53.179190751445084
2023-04-28,128,46,195,73.5632183908046
2023-05-04,83,101,195,45.108695652173914
2023-05-05,75,97,195,43.604651162790695
2023-05-08,141,41,195,77.47252747252747
2023-05-09,83,85,195,49.404761904761905
2023-05-10,132,44,195,75.0
2023-05-11,85,79,195,51.829268292682926
2023-05-12,122,50,195,70.93023255813954
2023-05-15,56,126,195,30.76923076923077
2023-05-16,92,81,195,53.179190751445084
2023-05-17,53,133,195,28.49462365591398
2023-05-18,93,73,195,56.024096385542165
2023-05-19,104,70,195,59.77011494252874
2023-05-22,145,38,195,79.23497267759562
2023-05-23,66,112,195,37.07865168539326
2023-05-24,64,108,195,37.2093023255814
2023-05-25,77,94,195,45.02923976608187
2023-05-26,114,54,195,67.85714285714286
2023-05-29,155,23,195,87.07865168539325
2023-05-30,107,64,195,62.57309941520468
2023-05-31,99,79,195,55.61797752808989
2023-06-01,90,71,195,55.90062111801242
2023-06-02,103,68,195,60.23391812865497
2023-06-05,94,83,195,53.10734463276836
2023-06-06,128,48,195,72.72727272727273
2023-06-07,104,63,195,62.27544910179641
2023-06-08,36,151,195,19.25133689839572
2023-06-09,107,75,195,58.791208791208796
2023-06-12,122,57,195,68.15642458100558
2023-06-13,87,83,195,51.17647058823529
2023-06-14,32,155,195,17.11229946524064
2023-06-15,79,98,195,44.632768361581924
2023-06-16,64,109,195,36.99421965317919
2023-06-19,73,103,195,41.47727272727273
2023-06-20,162,23,195,87.56756756756758
2023-06-21,158,21,195,88.26815642458101
2023-06-22,130,43,195,75.14450867052022
2023-06-23,67,111,195,37.640449438202246
2023-06-26,74,95,195,43.786982248520715
2023-06-27,87,76,195,53.37423312883436
2023-06-28,79,103,195,43.40659340659341
2023-06-29,17,169,195,9.13978494623656
2023-06-30,72,97,195,42.60355029585799
2023-07-03,118,50,195,70.23809523809523
2023-07-04,147,22,195,86.98224852071006
2023-07-05,89,86,195,50.857142857142854
2023-07-06,41,142,195,22.404371584699454
2023-07-07,136,41,195,76.8361581920904
2023-07-10,149,30,195,83.24022346368714
2023-07-11,82,97,195,45.81005586592179
2023-07-12,81,100,195,44.751381215469614
2023-07-13,155,21,195,88.06818181818183
2023-07-14,94,73,195,56.287425149700596
2023-07-17,94,83,195,53.10734463276836
2023-07-18,65,110,195,37.142857142857146
2023-07-19,60,120,195,33.33333333333333
2023-07-20,112,61,195,64.73988439306359
2023-07-21,153,26,195,85.47486033519553
2023-07-24,114,56,195,67.05882352941175
2023-07-25,58,115,195,33.52601156069364
2023-07-26,81,96,195,45.76271186440678
2023-07-27,82,96,195,46.06741573033708
2023-07-28,129,51,195,71.66666666666667
2023-07-31,108,73,195,59.66850828729282
2023-08-01,50,129,194,27.932960893854748
2023-08-02,123,60,194,67.21311475409836
2023-08-03,67,114,194,37.01657458563536
2023-08-04,146,35,194,80.66298342541437
2023-08-07,129,48,194,72.88135593220339
2023-08-08,85,98,195,46.44808743169399
2023-08-09,61,121,195,33.51648351648351
2023-08-10,31,153,195,16.847826086956523
2023-08-11,91,84,195,52.0
2023-08-14,145,34,195,81.00558659217877
2023-08-15,86,90,195,48.86363636363637
2023-08-16,67,104,195,39.1812865497076
2023-08-17,43,143,195,23.118279569892472
2023-08-18,4,190,195,2.0618556701030926
2023-08-21,94,89,195,51.36612021857923
2023-08-22,122,53,195,69.71428571428572
2023-08-23,43,126,195,25.443786982248522
2023-08-24,184,6,195,96.84210526315789
2023-08-25,82,86,195,48.80952380952381
2023-08-28,162,15,195,91.52542372881356
2023-08-29,119,56,195,68.0
2023-08-30,121,55,195,68.75
2023-08-31,154,27,195,85.0828729281768
2023-09-05,141,39,195,78.33333333333333
2023-09-06,138,32,195,81.17647058823529
2023-09-07,91,84,195,52.0
2023-09-08,113,70,195,61.74863387978142
2023-09-11,34,152,195,18.27956989247312
2023-09-12,168,16,195,91.30434782608695
2023-09-13,63,117,195,35.0
2023-09-14,26,157,195,14.207650273224044
2023-09-15,88,85,195,50.86705202312138
2023-09-18,51,132,195,27.86885245901639
2023-09-19,105,74,195,58.659217877094974
2023-09-20,171,15,195,91.93548387096774
2023-09-21,53,132,195,28.64864864864865
2023-09-22,22,165,195,11.76470588235294
2023-09-25,9,185,195,4.639175257731959
2023-09-26,44,130,195,25.287356321839084
2023-09-27,170,15,195,91.8918918918919
2023-09-28,82,96,195,46.06741573033708
2023-09-29,86,88,195,49.42528735632184
2023-10-02,124,52,195,70.45454545454545
2023-10-03,7,181,195,3.723404255319149
2023-10-04,153,29,195,84.06593406593407
2023-10-05,42,140,195,23.076923076923077
2023-10-06,162,16,195,91.01123595505618
2023-10-09,147,31,195,82.58426966292134
2023-10-10,102,71,195,58.95953757225434
2023-10-11,143,29,195,83.13953488372093
2023-10-12,85,86,195,49.707602339181285
2023-10-13,94,80,195,54.02298850574713
2023-10-16,43,144,195,22.994652406417114
2023-10-17,12,175,195,6.417112299465241
2023-10-18,24,155,195,13.40782122905028
2023-10-19,30,154,195,16.304347826086957
2023-10-20,178,9,195,95.18716577540107
2023-10-23,23,160,195,12.568306010928962
2023-10-24,150,27,195,84.7457627118644
2023-10-25,58,113,195,33.91812865497076
2023-10-26,1,192,195,0.5181347150259068
2023-10-27,140,40,195,77.77777777777779
2023-10-30,14,170,195,7.608695652173914
2023-10-31,16,168,195,8.695652173913043
2023-11-01,154,26,195,85.55555555555556
2023-11-02,193,0,195,100.0
2023-11-03,76,100,195,43.18181818181818
2023-11-06,136,39,195,77.71428571428571
2023-11-07,52,125,195,29.37853107344633
2023-11-08,192,2,195,98.96907216494846
2023-11-09,104,68,195,60.46511627906976
2023-11-10,43,144,195,22.994652406417114
2023-11-13,80,90,195,47.05882352941176
2023-11-14,139,33,195,80.81395348837209
2023-11-15,122,48,195,71.76470588235294
2023-11-16,137,43,195,76.11111111111111
2023-11-17,37,152,195,19.576719576719576
2023-11-20,100,66,195,60.24096385542169
2023-11-21,147,27,195,84.48275862068965
2023-11-22,121,48,195,71.59763313609467
2023-11-23,14,171,195,7.567567567567568
2023-11-24,98,68,195,59.036144578313255
2023-11-27,36,147,195,19.672131147540984
2023-11-28,121,42,195,74.23312883435584
2023-11-29,149,24,195,86.1271676300578
2023-11-30,52,128,195,28.888888888888886
2023-12-01,112,43,195,72.25806451612902
2023-12-04,179,8,195,95.72192513368985
2023-12-05,56,111,195,33.532934131736525
2023-12-06,159,18,195,89.83050847457628
2023-12-07,45,134,195,25.139664804469277
2023-12-08,68,106,195,39.08045977011494
2023-12-11,71,101,195,41.27906976744186
2023-12-12,102,54,195,65.38461538461539
2023-12-13,15,173,195,7.9787234042553195
2023-12-14,38,132,195,22.35294117647059
2023-12-15,62,104,195,37.34939759036144
2023-12-18,42,134,195,23.863636363636363
2023-12-19,133,40,195,76.878612716763
2023-12-20,113,47,195,70.625
2023-12-21,87,78,195,52.72727272727272
2023-12-22,70,90,195,43.75
2023-12-25,158,18,195,89.77272727272727
2023-12-26,98,61,195,61.63522012578616
2023-12-27,72,93,195,43.63636363636363
2023-12-28,88,71,195,55.34591194968554
2023-12-29,105,55,195,65.625
2024-01-02,68,103,195,39.76608187134503
2024-01-03,158,20,195,88.76404494382022
2024-01-04,73,94,195,43.712574850299404
2024-01-05,92,75,195,55.08982035928144
2024-01-08,101,76,195,57.06214689265536
2024-01-09,56,121,195,31.63841807909605
2024-01-10,44,134,195,24.719101123595504
2024-01-11,98,66,195,59.756097560975604
2024-01-12,24,161,195,12.972972972972974
2024-01-15,42,128,194,24.705882352941178
2024-01-16,150,17,194,89.82035928143712
2024-01-17,82,76,194,51.89873417721519
2024-01-18,106,49,194,68.38709677419355
2024-01-19,92,77,194,54.437869822485204
2024-01-22,91,72,194,55.828220858895705
2024-01-23,56,114,194,32.94117647058823
2024-01-24,48,115,194,29.447852760736197
2024-01-25,65,94,194,40.88050314465409
2024-01-26,99,60,195,62.264150943396224
2024-01-29,87,84,195,50.877192982456144
2024-01-30,133,41,195,76.4367816091954
2024-01-31,34,149,195,18.579234972677597
2024-02-01,130,40,195,76.47058823529412
2024-02-02,74,90,195,45.1219512195122
2024-02-05,97,79,195,55.11363636363637
2024-02-06,102,60,195,62.96296296296296
2024-02-07,120,45,195,72.72727272727273
2024-02-15,112,60,195,65.11627906976744
2024-02-16,105,64,195,62.1301775147929
2024-02-19,102,82,195,55.434782608695656
2024-02-20,84,86,195,49.411764705882355
2024-02-21,75,106,195,41.43646408839779
2024-02-22,74,102,195,42.04545454545455
2024-02-23,15,169,195,8.152173913043478
2024-02-26,136,41,195,76.8361581920904
2024-02-27,144,27,195,84.21052631578947
2024-02-28,98,78,195,55.68181818181818
2024-02-29,70,105,194,40.0
2024-03-01,139,32,193,81.28654970760235
2024-03-04,105,64,193,62.1301775147929
2024-03-05,102,64,193,61.44578313253012
2024-03-06,34,147,193,18.784530386740332
2024-03-07,112,56,193,66.66666666666666
2024-03-08,44,138,194,24.175824175824175
2024-03-11,43,137,194,23.88888888888889
2024-03-12,99,66,195,60.0
2024-03-13,178,8,195,95.6989247311828
2024-03-14,84,95,195,46.927374301675975
2024-03-15,87,82,195,51.4792899408284
2024-03-18,35,154,195,18.51851851851852
2024-03-19,82,85,195,49.101796407185624
2024-03-20,136,36,195,79.06976744186046
2024-03-21,149,26,195,85.14285714285714
2024-03-22,80,96,195,45.45454545454545
2024-03-25,34,145,195,18.994413407821227
2024-03-26,142,33,195,81.14285714285714
2024-03-27,98,66,195,59.756097560975604
2024-03-28,94,79,195,54.33526011560693
2024-03-29,52,129,195,28.7292817679558
2024-04-01,69,105,195,39.6551724137931
2024-04-02,127,49,195,72.1590909090909
2024-04-03,43,146,195,22.75132275132275
2024-04-04,41,139,195,22.77777777777778
2024-04-05,28,148,195,15.909090909090908
2024-04-08,34,138,195,19.767441860465116
2024-04-09,148,26,195,85.0574712643678
2024-04-10,36,138,195,20.689655172413794
2024-04-11,70,99,195,41.42011834319527
2024-04-12,149,23,195,86.62790697674419
2024-04-15,3,191,195,1.5463917525773196
2024-04-16,74,106,195,41.11111111111111
2024-04-17,33,156,195,17.46031746031746
2024-04-19,19,163,195,10.43956043956044
2024-04-22,166,20,195,89.24731182795699
2024-04-23,36,143,195,20.11173184357542
2024-04-24,186,5,195,97.38219895287958
2024-04-25,51,124,195,29.142857142857142
2024-04-26,80,86,195,48.19277108433735
2024-05-02,112,62,195,64.36781609195403
2024-05-03,85,81,195,51.204819277108435
2024-05-06,183,10,195,94.81865284974094
2024-05-07,116,62,195,65.1685393258427
2024-05-08,98,81,195,54.7486033519553
2024-05-09,65,109,195,37.35632183908046
2024-05-10,78,88,194,46.98795180722892
2024-05-13,79,89,194,47.023809523809526
2024-05-14,91,78,194,53.84615384615385
2024-05-15,146,29,194,83.42857142857143
2024-05-16,133,41,194,76.4367816091954
2024-05-17,125,51,194,71.02272727272727
2024-05-20,106,64,194,62.35294117647059
2024-05-21,104,80,194,56.52173913043478
2024-05-22,75,108,194,40.98360655737705
2024-05-23,146,34,195,81.11111111111111
2024-05-24,24,167,195,12.56544502617801
2024-05-27,104,66,195,61.1764705882353
2024-05-28,169,14,195,92.34972677595628
2024-05-29,61,123,195,33.15217391304348
2024-05-30,79,101,195,43.888888888888886
2024-05-31,77,103,195,42.77777777777778
2024-06-03,153,33,195,82.25806451612904
2024-06-04,88,91,195,49.162011173184354
2024-06-05,64,112,195,36.36363636363637
2024-06-06,73,99,195,42.44186046511628
2024-06-07,98,65,195,60.122699386503065
2024-06-10,99,80,195,55.3072625698324
2024-06-11,59,126,195,31.891891891891895
2024-06-12,139,37,195,78.97727272727273
2024-06-13,80,101,195,44.19889502762431
2024-06-14,16,174,195,8.421052631578947
2024-06-17,68,112,195,37.77777777777778
2024-06-18,116,51,195,69.46107784431138
2024-06-19,84,92,195,47.72727272727273
2024-06-20,64,104,195,38.095238095238095
2024-06-21,75,97,195,43.604651162790695
2024-06-24,19,172,195,9.947643979057592
2024-06-25,125,48,195,72.25433526011561
2024-06-26,89,79,195,52.976190476190474
2024-06-27,59,102,195,36.64596273291926
2024-06-28,30,155,195,16.216216216216218
2024-07-01,142,38,195,78.88888888888889
2024-07-02,153,30,195,83.60655737704919
2024-07-03,104,59,195,63.80368098159509
2024-07-04,90,80,195,52.94117647058824
2024-07-05,83,85,195,49.404761904761905
2024-07-08,107,73,195,59.44444444444444
2024-07-09,143,41,195,77.71739130434783
2024-07-10,54,131,195,29.18918918918919
2024-07-11,82,97,195,45.81005586592179
2024-07-12,58,116,195,33.33333333333333
2024-07-15,85,91,195,48.29545454545455
2024-07-16,54,106,195,33.75
2024-07-17,17,172,195,8.994708994708994
2024-07-18,151,32,195,82.5136612021858
2024-07-19,34,153,195,18.181818181818183
2024-07-22,27,156,195,14.754098360655737
2024-07-23,16,173,195,8.465608465608465
2024-07-24,148,29,195,83.61581920903954
2024-07-25,64,107,195,37.42690058479532
2024-07-26,146,32,195,82.02247191011236
2024-07-29,107,54,195,66.45962732919256
2024-07-30,48,129,195,27.11864406779661
2024-07-31,63,107,195,37.05882352941177
2024-08-01,11,179,195,5.7894736842105265
2024-08-02,145,34,195,81.00558659217877
2024-08-05,5,190,195,2.564102564102564
2024-08-06,185,7,195,96.35416666666666
2024-08-07,92,68,195,57.49999999999999
2024-08-08,60,111,195,35.08771929824561
2024-08-09,162,12,195,93.10344827586206
2024-08-12,137,42,195,76.53631284916202
2024-08-13,60,107,195,35.92814371257485
2024-08-14,57,115,195,33.13953488372093
2024-08-15,26,142,195,15.476190476190476
2024-08-16,192,1,195,99.48186528497409
2024-08-19,120,47,195,71.8562874251497
2024-08-20,128,38,195,77.10843373493977
2024-08-21,117,68,195,63.24324324324324
2024-08-22,56,116,195,32.55813953488372
2024-08-23,76,92,195,45.23809523809524
2024-08-26,41,132,195,23.699421965317917
2024-08-27,67,105,195,38.95348837209303
2024-08-28,61,104,195,36.96969696969697
2024-08-29,51,120,195,29.82456140350877
2024-08-30,86,76,195,53.086419753086425
2024-09-04,49,134,195,26.775956284153008
2024-09-05,30,139,195,17.75147928994083
2024-09-06,83,87,193,48.8235294117647
2024-09-09,40,128,193,23.809523809523807
2024-09-10,26,150,193,14.772727272727273
2024-09-11,60,101,193,37.267080745341616
2024-09-12,88,67,193,56.774193548387096
2024-09-13,92,75,193,55.08982035928144
2024-09-16,20,154,193,11.494252873563218
2024-09-17,168,11,193,93.85474860335195
2024-09-18,104,67,195,60.81871345029239
2024-09-19,120,34,195,77.92207792207793
2024-09-20,93,80,195,53.75722543352601
2024-09-23,59,113,195,34.30232558139535
2024-09-24,125,40,195,75.75757575757575
2024-09-25,135,38,195,78.03468208092485
2024-09-26,85,79,195,51.829268292682926
2024-09-27,53,107,195,33.125
2024-09-30,70,101,195,40.93567251461988
2024-10-01,105,59,195,64.02439024390245
2024-10-02,50,127,195,28.24858757062147
2024-10-03,19,163,195,10.43956043956044
2024-10-04,41,128,195,24.2603550295858
2024-10-07,86,78,195,52.4390243902439
2024-10-08,86,81,195,51.49700598802395
2024-10-09,131,39,195,77.05882352941177
2024-10-10,65,101,195,39.1566265060241
2024-10-11,103,61,195,62.80487804878049
2024-10-14,58,117,195,33.14285714285714
2024-10-15,21,154,194,12.0
2024-10-16,58,110,194,34.523809523809526
2024-10-17,129,44,194,74.56647398843931
2024-10-18,50,117,194,29.94011976047904
2024-10-21,35,144,194,19.553072625698324
2024-10-22,37,134,194,21.637426900584796
2024-10-23,114,56,194,67.05882352941175
2024-10-24,28,148,195,15.909090909090908
2024-10-25,64,98,195,39.50617283950617
2024-10-28,105,58,195,64.41717791411043
2024-10-29,128,37,195,77.57575757575758
2024-10-30,66,103,195,39.053254437869825
2024-10-31,77,87,195,46.95121951219512
2024-11-01,30,154,195,16.304347826086957
2024-11-04,47,128,195,26.857142857142858
2024-11-05,92,69,195,57.14285714285714
2024-11-06,177,9,195,95.16129032258065
2024-11-07,70,94,195,42.68292682926829
2024-11-08,63,111,195,36.206896551724135
2024-11-11,96,84,195,53.333333333333336
2024-11-12,46,120,195,27.710843373493976
2024-11-13,66,104,195,38.82352941176471
2024-11-14,30,149,195,16.75977653631285
2024-11-15,29,150,195,16.201117318435752
2024-11-18,93,74,195,55.688622754491014
2024-11-19,15,158,195,8.670520231213873
2024-11-20,155,18,195,89.59537572254335
2024-11-21,138,26,195,84.14634146341463
2024-11-22,54,110,195,32.926829268292686
2024-11-25,114,43,195,72.61146496815286
2024-11-26,149,31,195,82.77777777777777
2024-11-27,60,102,195,37.03703703703704
2024-11-28,75,84,195,47.16981132075472
2024-11-29,116,44,195,72.5
2024-12-02,71,83,195,46.103896103896105
2024-12-03,66,103,195,39.053254437869825
2024-12-04,37,141,195,20.786516853932586
2024-12-05,181,10,195,94.76439790575915
2024-12-06,76,102,195,42.69662921348314
2024-12-09,128,40,195,76.19047619047619
2024-12-10,58,106,195,35.36585365853659
2024-12-11,61,112,195,35.26011560693642
2024-12-12,60,105,195,36.36363636363637
2024-12-13,34,140,195,19.54022988505747
2024-12-16,74,93,195,44.31137724550898
2024-12-17,67,94,195,41.61490683229814
2024-12-18,126,36,195,77.77777777777779
2024-12-19,32,145,195,18.07909604519774
2024-12-20,106,69,195,60.57142857142858
2024-12-23,116,50,195,69.87951807228916
2024-12-24,75,97,195,43.604651162790695
2024-12-25,139,41,195,77.22222222222223
2024-12-26,63,107,195,37.05882352941177
2024-12-27,53,119,195,30.813953488372093
2024-12-30,47,124,195,27.485380116959064
2024-12-31,55,107,195,33.95061728395062
2025-01-02,105,62,195,62.874251497005986
2025-01-03,29,149,195,16.292134831460675
2025-01-06,26,154,195,14.444444444444443
2025-01-07,55,116,194,32.16374269005848
2025-01-08,135,38,194,78.03468208092485
2025-01-09,42,131,194,24.277456647398843
2025-01-10,20,164,194,10.869565217391305
2025-01-13,117,51,194,69.64285714285714
2025-01-14,43,119,194,26.543209876543212
2025-01-15,149,28,194,84.18079096045197
2025-01-16,114,47,194,70.80745341614907
2025-01-17,137,32,195,81.06508875739645
2025-01-20,58,115,195,33.52601156069364
2025-01-21,46,116,195,28.39506172839506
2025-01-22,40,135,195,22.857142857142858
2025-01-23,160,18,195,89.8876404494382
2025-01-24,94,73,195,56.287425149700596
2025-02-03,79,98,195,44.632768361581924
2025-02-04,168,16,195,91.30434782608695
2025-02-05,115,62,195,64.97175141242938
2025-02-06,69,95,195,42.073170731707314
2025-02-07,70,105,195,40.0
2025-02-10,30,147,195,16.94915254237288
2025-02-11,118,55,195,68.20809248554913
2025-02-12,82,78,195,51.24999999999999
2025-02-13,99,74,195,57.22543352601156
2025-02-14,116,56,195,67.44186046511628
2025-02-17,87,77,195,53.04878048780488
2025-02-18,109,61,195,64.11764705882354
2025-02-19,159,24,195,86.88524590163934
2025-02-20,85,85,195,50.0
2025-02-21,72,102,195,41.37931034482759
2025-02-24,93,74,195,55.688622754491014
2025-02-25,84,80,195,51.21951219512195
2025-02-26,65,95,195,40.625
2025-02-27,108,63,195,63.1578947368421
2025-02-28,65,105,195,38.23529411764706
2025-03-03,91,81,195,52.90697674418605
2025-03-04,63,112,195,36.0
2025-03-05,21,159,195,11.666666666666666
2025-03-06,154,27,195,85.0828729281768
2025-03-07,80,81,195,49.68944099378882
2025-03-10,63,100,195,38.65030674846626
2025-03-11,104,69,195,60.115606936416185
2025-03-12,53,117,195,31.176470588235293
2025-03-13,22,158,195,12.222222222222221
2025-03-14,57,115,195,33.13953488372093
2025-03-17,115,56,195,67.2514619883041
2025-03-18,74,109,195,40.43715846994536
2025-03-19,52,122,195,29.88505747126437
2025-03-20,68,104,195,39.53488372093023
2025-03-21,61,98,195,38.36477987421384
2025-03-24,71,100,195,41.52046783625731
2025-03-25,109,57,195,65.66265060240963
2025-03-26,61,112,195,35.26011560693642
2025-03-27,55,114,195,32.544378698224854
2025-03-28,51,123,195,29.310344827586203
2025-03-31,52,123,195,29.714285714285715
2025-04-01,129,41,195,75.88235294117646
2025-04-02,76,89,195,46.06060606060606
2025-04-03,1,192,195,0.5181347150259068
2025-04-04,34,157,195,17.801047120418847
2025-04-08,1,192,195,0.5181347150259068
2025-04-09,21,164,195,11.351351351351353
2025-04-10,192,0,195,100.0
2025-04-11,169,21,195,88.94736842105263
2025-04-14,132,49,195,72.92817679558011
2025-04-15,38,144,195,20.87912087912088
2025-04-16,55,123,195,30.89887640449438
2025-04-17,121,40,195,75.15527950310559
2025-04-18,138,42,195,76.66666666666667
2025-04-21,58,118,195,32.95454545454545
2025-04-22,29,154,195,15.846994535519126
2025-04-23,165,19,195,89.67391304347827
2025-04-24,125,37,195,77.1604938271605
2025-04-25,85,85,195,50.0
2025-04-28,86,79,195,52.121212121212125
2025-04-29,77,87,195,46.95121951219512
2025-05-05,145,31,195,82.38636363636364
2025-05-06,81,87,195,48.214285714285715
2025-05-07,105,65,195,61.76470588235294
2025-05-08,142,30,195,82.55813953488372
2025-05-09,60,102,195,37.03703703703704
2025-05-12,132,37,195,78.10650887573965
2025-05-13,128,37,195,77.57575757575758
2025-05-14,113,57,195,66.47058823529412
2025-05-15,92,78,195,54.11764705882353
2025-05-16,61,116,195,34.463276836158194
2025-05-19,39,141,195,21.666666666666668
2025-05-20,115,49,195,70.1219512195122
2025-05-21,68,106,195,39.08045977011494
2025-05-22,47,128,195,26.857142857142858
2025-05-23,83,92,195,47.42857142857143
2025-05-26,163,19,195,89.56043956043956
2025-05-27,132,41,195,76.30057803468208
2025-05-28,67,109,195,38.06818181818182
2025-05-29,73,103,195,41.47727272727273
2025-05-30,39,146,195,21.08108108108108
2025-06-02,130,50,195,72.22222222222221
2025-06-03,120,51,195,70.17543859649122
2025-06-04,76,87,195,46.62576687116564
2025-06-05,70,99,195,41.42011834319527
2025-06-06,38,141,195,21.22905027932961
2025-06-09,37,144,195,20.441988950276244
2025-06-10,90,74,195,54.87804878048781
2025-06-11,88,74,195,54.32098765432099
2025-06-12,145,22,195,86.82634730538922
2025-06-13,36,149,195,19.45945945945946
2025-06-16,166,15,195,91.71270718232044
2025-06-17,101,73,195,58.04597701149425
2025-06-18,59,102,195,36.64596273291926
2025-06-19,66,98,195,40.243902439024396
2025-06-20,76,89,195,46.06060606060606
2025-06-23,74,109,195,40.43715846994536
2025-06-24,102,62,195,62.19512195121951
2025-06-25,80,86,194,48.19277108433735
2025-06-26,84,91,194,48.0
2025-06-27,91,71,194,56.17283950617284
2025-06-30,129,36,194,78.18181818181819
2025-07-01,58,117,194,33.14285714285714
2025-07-02,127,40,194,76.04790419161677
2025-07-03,69,100,194,40.828402366863905
2025-07-04,124,48,194,72.09302325581395
2025-07-07,136,44,194,75.55555555555556
2025-07-08,134,35,194,79.28994082840237
2025-07-09,102,70,195,59.30232558139535
2025-07-10,101,68,195,59.76331360946746
2025-07-11,73,112,195,39.45945945945946
2025-07-14,130,53,195,71.03825136612022
2025-07-15,62,116,195,34.831460674157306
2025-07-16,135,39,195,77.58620689655173
2025-07-17,118,54,195,68.6046511627907
2025-07-18,106,74,195,58.88888888888889
2025-07-21,53,118,195,30.994152046783626
2025-07-22,127,44,195,74.26900584795322
2025-07-23,129,43,195,75.0
2025-07-24,109,59,195,64.88095238095238
2025-07-25,128,50,195,71.91011235955057
2025-07-28,159,25,195,86.41304347826086
2025-07-29,13,178,195,6.806282722513089
2025-07-30,130,51,195,71.8232044198895
2025-07-31,97,82,195,54.18994413407822
2025-08-01,77,102,195,43.01675977653631
2025-08-04,138,43,195,76.24309392265194
2025-08-05,54,123,195,30.508474576271187
2025-08-06,162,18,195,90.0
2025-08-07,135,44,195,75.41899441340783
2025-08-08,98,85,195,53.551912568306015
2025-08-11,122,49,195,71.34502923976608
